station_key,station_name,lat,lng,departures,arrivals,total_usage
31623,Columbus Circle / Union Station,38.89696,-77.00493,57066,57382,114448
31229,New Hampshire Ave & T St NW,38.915544,-77.038252,51959,51998,103957
31201,15th & P St NW,38.90980062655191,-77.03442692756653,44439,44905,89344
31600,5th & K St NW,38.902734,-77.019181,43925,44411,88336
31699,Eastern Market Metro,38.884181,-76.995358,43511,43406,86917
31101,14th & V St NW,38.9177645,-77.032096,42058,41997,84055
31603,1st & M St NE,38.905697,-77.005483,38097,38259,76356
31202,14th & R St NW,38.913046,-77.032008,35644,35858,71502
31627,M St & Delaware Ave NE,38.905690963097,-77.00320065021515,35298,35747,71045
31124,14th & Irving St NW,38.928552,-77.032224,37164,33814,70978
31104,Adams Mill & Columbia Rd NW,38.9228491613136,-77.04252451658249,36003,34226,70229
31532,4th & Florida Ave NE,38.90731645057457,-77.00069814920425,33609,33573,67182
31125,15th & W St NW,38.9190185,-77.034449,30967,31269,62236
31214,17th & Corcoran St NW,38.9121,-77.0387,30941,31071,62012
31119,14th & Belmont St NW,38.921074,-77.031887,32025,29763,61788
31107,Lamont & Mt Pleasant NW,38.9319,-77.0388,32142,29036,61178
31203,14th St & Rhode Island Ave NW,38.9086,-77.0323,29984,30167,60151
31281,8th & O St NW,38.90864,-77.02277,29786,29940,59726
31236,37th & O St NW / Georgetown University,38.907837,-77.07166,28640,28913,57553
31266,11th & M St NW,38.9055785,-77.027313,28137,27724,55861
31324,18th & New Hampshire Ave NW,38.911268,-77.041829,28075,27776,55851
31615,6th & H St NE,38.899972,-76.998347,27418,27679,55097
31662,1st & K St NE,38.902386,-77.005649,27001,27206,54207
31330,17th & P St NW,38.909858,-77.038566,26875,27251,54126
31108,4th & M St SW,38.876941,-77.017807,26680,27178,53858
31234,20th & O St NW / Dupont South,38.908905,-77.04478,25833,26477,52310
31228,8th & H St NW,38.8997,-77.023086,25120,26899,52019
31102,11th & Kenyon St NW,38.929464,-77.027822,28519,22797,51316
31296,Columbia & Ontario Rd NW,38.924088,-77.040787,26588,24549,51137
31258,Lincoln Memorial,38.888255,-77.0494365,25296,25535,50831
31288,4th St & Madison Dr NW,38.8904955,-77.0172465,25244,25360,50604
31114,18th St & Wyoming Ave NW,38.918809,-77.041571,25842,23438,49280
31628,1st & I St SE,38.878854378063295,-77.00572729110718,24149,24506,48655
31213,17th & K St NW,38.90276,-77.03863,22733,23648,46381
31128,23rd & M St NW,38.905303,-77.050264,22317,23975,46292
31247,Jefferson Dr & 14th St SW,38.8885525,-77.032427,22544,23697,46241
31506,1st & Rhode Island Ave NW,38.915417,-77.012289,22522,23257,45779
31117,15th & Euclid St NW,38.92333,-77.0352,23567,21616,45183
31116,California St & Florida Ave NW,38.917761,-77.04062,23184,21968,45152
31212,New Hampshire Ave & Ward Pl NW,38.90571079190728,-77.0473176240921,22168,22881,45049
31257,22nd & I St NW / Foggy Bottom,38.90088,-77.048911,22165,22545,44710
31295,Potomac & M St NW,38.905509,-77.065246,21338,22553,43891
31134,8th & V St NW,38.917716,-77.022684,21880,21899,43779
31327,14th & Q St NW,38.910674,-77.03188,21565,22034,43599
31237,25th St & Pennsylvania Ave NW,38.903827,-77.053485,21460,21994,43454
31278,18th & R St NW,38.912648,-77.041834,21365,21918,43283
31132,13th & U St NW,38.91693645323652,-77.0296311378479,21530,21679,43209
31311,13th & O St NW/ Logan Circle,38.908735,-77.029779,21472,21357,42829
31609,Maine Ave & 7th St SW,38.87869359939696,-77.02305436134338,20222,21731,41953
31982,20th & Q St NW,38.9110858,-77.0450612,20848,20913,41761
31265,5th St & Massachusetts Ave NW,38.90093,-77.018677,20714,21028,41742
31653,7th & K St NW,38.902674,-77.021392,20479,21229,41708
31126,11th & Girard St NW,38.925642,-77.027131,21749,19787,41536
31135,16th & Harvard St NW,38.926102,-77.03665,22159,19292,41451
31602,Park Rd & Holmead Pl NW,38.9308,-77.0315,23209,18174,41383
31312,Wisconsin Ave & O St NW,38.90849,-77.063586,19931,21167,41098
31245,7th & R St NW / Shaw Library,38.912719,-77.022155,20415,20140,40555
31505,Eckington Pl & Q St NE,38.91066,-77.004615,20337,19881,40218
31280,11th & S St NW,38.91360117514392,-77.02711522579193,20023,20000,40023
31113,Columbia Rd & Belmont St NW,38.920669,-77.04368,20282,19659,39941
31646,Maine Ave & 9th St SW,38.88044,-77.025236,19175,20634,39809
31205,21st & I St NW,38.90071062547463,-77.04644858837128,19687,19989,39676
31401,14th & Quincy St NW,38.938024,-77.032688,20447,18879,39326
31248,Smithsonian-National Mall / Jefferson Dr & 12th St SW,38.888774,-77.028694,19187,19812,38999
31619,Lincoln Park / 13th & East Capitol St NE ,38.890461,-76.988355,19605,19108,38713
31285,22nd & P ST NW,38.909394,-77.048728,18811,19741,38552
31225,Wisconsin Ave & K St NW,38.902801,-77.062819,17256,21292,38548
31241,Thomas Circle,38.9059,-77.0325,19574,18968,38542
31611,13th & H St NE,38.90042673988099,-76.98825001716614,19066,19388,38454
31299,Connecticut Ave & R St NW,38.912644,-77.04564,18948,19373,38321
31655,New Jersey Ave & F St NW,38.897108,-77.011616,18452,19771,38223
31223,Convention Center / 7th & M St NW,38.905737,-77.02227,19393,18800,38193
31336,9th & N St NW ,38.906622,-77.023885,19028,19084,38112
31536,5th & Morse St NE,38.90728677325468,-76.99916660785675,19058,18994,38052
31641,2nd St & Massachusetts Ave NE,38.894972,-77.003135,18976,19048,38024
31531,MBT & Bryant St NE,38.92240364115446,-76.9960230588913,19030,18960,37990
31616,3rd & H St NE,38.900412,-77.001949,18766,18914,37680
31275,New Hampshire Ave & 24th St NW,38.901755,-77.051084,18516,18777,37293
31828,New Jersey Ave & H St SE,38.88076072595064,-77.00574070215225,18201,18985,37186
31533,Tanner Park,38.911213594521456,-77.0022565126419,18615,18273,36888
31131,14th & Otis Pl NW,38.934405,-77.032687,20482,16270,36752
31651,11th & Park Rd NW,38.93142879,-77.028289676,19057,17247,36304
31289,Henry Bacon Dr & Lincoln Memorial Circle NW,38.890539,-77.049383,17932,18277,36209
31233,17th & K St NW / Farragut Square,38.902061,-77.038322,17512,18182,35694
31286,11th & O St NW,38.90843146089006,-77.02708840370178,17877,17283,35160
31133,20th St & Columbia Rd NW,38.918103,-77.045469,18305,16792,35097
31120,10th St & Florida Ave NW,38.920392036,-77.025656819,17487,17532,35019
31325,Reservoir Rd & 38th St NW,38.91261359469192,-77.07432264076488,17207,17471,34678
31666,4th & G St SW,38.881116725009335,-77.01769933104515,17009,17536,34545
31419,Georgia Ave & Morton St NW,38.932059407,-77.023586392,17888,16644,34532
31610,Eastern Market / 7th & North Carolina Ave SE,38.886952,-76.996806,17274,17251,34525
31122,16th & Irving St NW,38.928893,-77.03625,18341,16011,34352
31243,4th & C St SW,38.88637194054526,-77.01770067214966,16903,17442,34345
31282,16th & R St NW,38.912652,-77.036278,16993,17223,34216
31249,Jefferson Memorial,38.879819,-77.037413,16913,17054,33967
31230,Metro Center / 12th & G St NW,38.89832574246664,-77.02795878052711,16104,17856,33960
31232,7th & F St NW / National Portrait Gallery,38.897324,-77.022216,16221,17125,33346
30201,9th & G St NW,38.898097,-77.023924,16206,16941,33147
31400,Georgia & New Hampshire Ave NW,38.9366839345886,-77.02418088912964,17238,15348,32586
31503,Florida Ave & R St NW,38.9126,-77.0135,16058,16436,32494
31604,3rd & H St NW,38.899408,-77.015289,16092,16283,32375
31509,New Jersey Ave & R St NW,38.912659,-77.017669,16040,16232,32272
31215,Georgetown Harbor / 30th St NW,38.90226780126366,-77.05911666154861,14426,17504,31930
31639,2nd & G St NE,38.89967,-77.003666,15630,16006,31636
31612,D St & Maryland Ave NE,38.89484064247075,-76.99591577053069,16053,15507,31560
31277,17th & G St NW,38.898301,-77.039643,15376,15840,31216
31251,12th & L St NW,38.903819,-77.0284,15477,15337,30814
31271,Constitution Ave & 2nd St NW/DOL,38.892275,-77.013917,15272,15465,30737
31130,7th & S St NW,38.914173639930105,-77.02159523963928,15266,14884,30150
31291,Vermont Ave & I St NW,38.901136451737045,-77.03445106744766,14872,15253,30125
31321,15th St & Constitution Ave NW,38.892244,-77.033234,14754,15092,29846
31221,18th & M St NW,38.90506687455313,-77.04177886247635,14517,15238,29755
31625,3rd & G St SE,38.881185,-77.001828,14761,14709,29470
31118,3rd & Elm St NW,38.917622,-77.01597,14554,14747,29301
31121,Calvert St & Woodley Pl NW,38.923583,-77.050046,15150,14131,29281
31210,17th St & Rhode Island Ave NW,38.906826496,-77.038751483,14568,14497,29065
31269,3rd St & Pennsylvania Ave SE,38.887378,-77.001955,14496,14455,28951
31540,3rd & N St NE,38.907073,-77.002109,14415,14506,28921
31123,14th & Girard St NW,38.925284,-77.032375,15329,13592,28921
31267,17th St & Massachusetts Ave NW,38.908568,-77.038542,14729,14116,28845
31328,21st St & G st NW,38.89830173667249,-77.04691261053085,14297,14414,28711
31650,1st & M St SE,38.876893,-77.006072,13474,14961,28435
31115,Columbia Rd & Georgia Ave NW,38.92812111132096,-77.0237946510315,15858,12542,28400
31323,Woodley Park Metro / Calvert St & Connecticut Ave NW,38.923389,-77.051833,15401,12964,28365
31631,8th & F St NE,38.897274,-76.994749,14159,14205,28364
31209,1st & N St SE,38.87502273556,-77.00575411319733,13685,14634,28319
31618,4th & East Capitol St NE,38.889955,-77.000349,14175,14137,28312
31263,10th & K St NW,38.9024,-77.02622,13959,14143,28102
31640,Maryland Ave & E St NE,38.8962260397813,-76.99278563261032,14175,13905,28080
31649,14th & Newton St NW,38.931991,-77.032956,14810,12726,27536
31298,15th & M St NW,38.905424,-77.034674,13949,13461,27410
31332,11th & V St NW,38.918199,-77.027171,13677,13636,27313
31109,7th St & Florida Ave NW,38.91613684808331,-77.02200293540955,13449,13559,27008
31290,17th St & Independence Ave SW,38.888097,-77.038325,13559,13419,26978
31517,Union Market,38.907908,-76.99707,13469,13501,26970
31515,Fort Totten Metro,38.952369,-77.002721,13743,13151,26894
31264,6th St & Indiana Ave NW,38.894573,-77.01994,13032,13562,26594
31624,North Capitol St & F St NW,38.897446,-77.009888,12859,13683,26542
31643,1st & D St SE,38.884916,-77.005965,13189,13222,26411
31224,18th & L St NW,38.90374145091938,-77.04245209693909,12855,13337,26192
31226,34th St & Wisconsin Ave NW,38.916442,-77.0682,13038,13142,26180
31110,20th St & Florida Ave NW,38.9154,-77.0446,13370,12758,26128
31947,Rosslyn Metro / Wilson Blvd & N Moore St,38.896086906318665,-77.07145214080809,12694,13303,25997
32301,20th & N St NW ,38.907045,-77.044975,12717,13094,25811
30200,9th St & Pennsylvania Ave NW,38.89428,-77.023979,11785,13942,25727
31283,14th & L St NW,38.903658,-77.031737,12775,12794,25569
31272,Washington & Independence Ave SW/HHS,38.886978,-77.013769,12388,12923,25311
31622,13th & D St NE,38.894832,-76.987633,12647,12564,25211
31222,15th St & New York Ave NW,38.89903234416315,-77.03335404396057,11840,13080,24920
31276,15th & L St NW,38.903967,-77.034602,12173,12700,24873
31519,1st & O St NW,38.908643,-77.012365,12311,12536,24847
31129,15th St & Pennsylvania Ave NW,38.89646474748647,-77.0333808660507,11960,12802,24762
31219,10th St & Constitution Ave NW,38.893028,-77.026013,12169,12489,24658
31239,Rhode Island & Connecticut Ave NW,38.905995699991145,-77.03980207443237,12134,12471,24605
31136,11th & Clifton St NW,38.920981,-77.027118,13212,11348,24560
31661,8th & H St NE,38.899941626884754,-76.99489653110504,12093,12417,24510
31244,4th & E St SW,38.88412,-77.017445,12040,12380,24420
31238,14th & G St NW,38.89816396413188,-77.03189760446548,11708,12633,24341
31670,12th St & New York Ave NW,38.901104,-77.028061,11941,12311,24252
31652,4th & M St SE,38.876751,-77.000736,11346,12617,23963
31297,Virginia Ave & 25th St NW,38.89846038350939,-77.05305218696594,11663,12186,23849
31404,9th & Upshur St NW,38.9418,-77.0251,12096,11727,23823
31111,10th & U St NW,38.9172,-77.0259,11900,11777,23677
31231,14th & D St NW / John A Wilson Building,38.894514,-77.031617,11393,12071,23464
31634,3rd & Tingey St SE,38.87501,-77.0024,11246,12079,23325
31293,Thomas Jefferson St NW & Water/K St NW,38.902826,-77.060173,10383,12934,23317
31218,L'Enfant Plaza / 7th & C St SW,38.886266,-77.022241,11483,11618,23101
31227,13th St & New York Ave NW,38.900283,-77.029822,10595,12125,22720
31636,New Jersey Ave & N St NW/Dunbar HS,38.90733256111448,-77.01536044478416,11335,11264,22599
31268,12th & U St NW,38.916787,-77.028139,11612,10917,22529
31527,North Capitol & R St NE,38.91256,-77.008775,11363,10886,22249
31518,New York Ave & Hecht Ave NE,38.915604,-76.983683,11136,11059,22195
31306,39th & Calvert St NW / Stoddert,38.922649,-77.077271,11146,10602,21748
31064,Gravelly Point,38.865029,-77.039511,10677,10581,21258
31208,M St & New Jersey Ave SE,38.8762192324865,-77.00416892766953,10063,11176,21239
31605,3rd & D St SE,38.8851,-77.0023,10608,10606,21214
31270,8th & D St NW,38.894851,-77.02324,10058,11114,21172
31242,18th St & Pennsylvania Ave NW,38.89968,-77.041539,10428,10513,20941
31302,Wisconsin Ave & Newark St NW,38.934881,-77.072755,10882,9922,20804
31663,14th & D St SE,38.8840581,-76.9863852,10343,10207,20550
31680,Half & I St SW ,38.879262,-77.011016,10066,10408,20474
31657,Massachusetts Ave & 6th St NE,38.892875,-76.998413,10310,10150,20460
31022,Clarendon Metro / Wilson Blvd & N Highland St,38.88701007722296,-77.09525674581528,11130,9297,20427
31674,Maine Ave & Water St SW,38.87674677186661,-77.02094480395317,9805,10576,20381
31672,10th & H St NE,38.899984,-76.992725,10079,10292,20371
31139,20th & M St NW ,38.905496,-77.044976,9791,10548,20339
31255,24th & N St NW,38.9066,-77.05152,9832,10486,20318
31127,22nd & H St NW,38.89892546716842,-77.04885238395946,10080,10144,20224
31262,11th & F St NW,38.897857,-77.026975,9361,10765,20126
31620,5th & F St NW,38.897222,-77.019347,9623,10476,20099
31216,14th St & New York Ave NW,38.899632,-77.031686,9550,10543,20093
31274,10th & G St NW,38.89824328774852,-77.02623546123505,9180,10906,20086
31534,7th & Monroe St NE,38.932242581555066,-76.9961330294609,10431,9648,20079
33000,29th & M St NW,38.904916167,-77.058100462,9336,10701,20037
31250,20th & L St NW,38.903584,-77.044789,9319,10453,19772
31645,6th & K St NE,38.90293157359119,-76.99840486049652,9778,9949,19727
31606,Potomac & Pennsylvania Ave SE,38.8803,-76.9862,9840,9875,19715
31256,10th & E St NW,38.895914,-77.026064,9502,10168,19670
31254,15th & K St NW,38.902,-77.03353,9684,9964,19648
31638,1st & H St NW,38.900358,-77.012108,9679,9963,19642
31408,Takoma Metro,38.975219,-77.016855,10436,9189,19625
31668,1st St & Potomac Ave SE,38.871841,-77.00591,9594,9828,19422
31677,1st & L St NW,38.903866172,-77.011832237,9596,9514,19110
31338,Connecticut Ave & Ordway St NW / Cleveland Park Metro ,38.935842,-77.058468,9630,9459,19089
31071,Eads St & 12th St S,38.862841,-77.054277,9354,9413,18767
31220,21st & E St NW,38.8961140441491,-77.04661488533019,9243,9483,18726
31253,19th & I St NW,38.901633245815496,-77.04338550567627,8998,9682,18680
31303,Tenleytown / Wisconsin Ave & Albemarle St NW,38.947607,-77.079382,9732,8726,18458
31642,New Jersey Ave & K St NW,38.90257109172293,-77.01366662979126,9190,9217,18407
31279,19th & G St NW,38.898412,-77.043182,9148,9168,18316
31632,15th & F St NE,38.897195,-76.983575,9058,9119,18177
31246,M St & Pennsylvania Ave NW,38.905126,-77.056887,8466,9685,18151
31524,Montello Ave & Holbrook Terr NE,38.907444,-76.986813,9098,9048,18146
31037,Ballston Metro / Stuart St & 9th St N,38.881044,-77.111768,9423,8532,17955
31089,Court House Metro / 15th St & N Uhle St,38.890646696,-77.084795594,8858,8756,17614
31633,Independence Ave & L'Enfant Plaza SW/DOE,38.887332,-77.026141,8621,8882,17503
31630,15th & East Capitol St NE,38.889908,-76.983326,8731,8686,17417
31978,Arlington National Cemetery,38.884533,-77.065803,8584,8753,17337
31335,16th & K St NW/BLM Plaza,38.902677,-77.035866,8193,9106,17299
31137,Park Pl & Rock Creek Church Rd NW,38.93713516763736,-77.01912492513657,9456,7698,17154
31105,14th & Harvard St NW,38.9268,-77.0322,9163,7935,17098
31339,18th St & Ingleside Ter NW,38.934784,-77.041362,9103,7802,16905
32140,18th St & Belmont Rd NW,38.920925,-77.042071,8634,8192,16826
31647,7th St & Massachusetts Ave NE,38.89222,-76.99602,8769,7861,16630
31260,23rd & E St NW ,38.896104,-77.049882,8239,8235,16474
31426,10th St & Spring Rd NW,38.936228,-77.027163,9104,7341,16445
31273,Hains Point/Buckeye & Ohio Dr SW,38.878433,-77.03023,8083,8177,16260
31207,Georgia Ave & Fairmont St NW,38.92478458526696,-77.02232748270035,8481,7739,16220
31669,3rd & M St SE,38.876903892,-77.001842976,7737,8408,16145
31300,Van Ness Metro / UDC,38.944551,-77.063896,8115,7952,16067
31660,7th & K St NE,38.902594,-76.995141,7965,8050,16015
31005,Pentagon City Metro / 12th St & S Hayes St,38.862303,-77.059936,7958,8005,15963
31529,Edgewood Rec Center,38.924144,-77.002098,8069,7851,15920
31307,3000 Connecticut Ave NW / National Zoo,38.930282,-77.055599,8218,7702,15920
31659,11th & C St SE,38.885908,-76.991476,8048,7871,15919
31522,2nd St & Seaton Pl NE,38.91475110883116,-77.00356006622314,8205,7712,15917
31204,20th & E St NW,38.8963,-77.045,7799,8087,15886
31106,Calvert & Biltmore St NW,38.923203,-77.047637,9050,6813,15863
31393,Wisconsin Ave & Upton St NW,38.941832781,-77.076446176,8150,7684,15834
31626,15th St & Massachusetts Ave SE,38.88732,-76.983569,8004,7824,15828
31500,4th & W St NE,38.919077,-77.000648,7969,7856,15825
31014,19th St N & Ft Myer Dr,38.897218,-77.072143,7344,8436,15780
31675,North Capitol & K St NE,38.90244372501735,-77.00824588537216,7850,7869,15719
31421,Grant Circle,38.942024743273045,-77.01822102069855,8612,6981,15593
31337,33rd St & Wisconsin Ave NW,38.912181,-77.066074,7505,8059,15564
31516,Rhode Island Ave Metro,38.920682,-76.995876,7860,7407,15267
31678,4th & O St SW,38.872964,-77.017585,7542,7671,15213
31314,34th & Water St NW,38.9037315,-77.0675285,6697,8427,15124
31637,North Capitol St & G Pl NE,38.899703,-77.008911,7415,7467,14882
31523,Lincoln Rd & Seaton Pl NE/Harry Thomas Rec Center,38.915,-77.0078,7906,6894,14800
31667,2nd & V St SW / James Creek Marina,38.863690615,-77.013930917,7142,7657,14799
31514,Hamlin & 7th St NE,38.927497,-76.997194,7597,7108,14705
31240,Ohio Dr & West Basin Dr SW / MLK & FDR Memorials,38.88412,-77.04657,7275,7410,14685
31200,Massachusetts Ave & Dupont Circle NW,38.9101,-77.0444,7192,7428,14620
31292,22nd St & Constitution Ave NW,38.892441,-77.048947,7240,7313,14553
31252,21st St & Pennsylvania Ave NW,38.901539,-77.046564,7221,7254,14475
31287,10th St & L'Enfant Plaza SW,38.88432272414662,-77.02601015567778,7212,7058,14270
31007,Crystal City Metro / 18th St & S Bell St,38.85778509815245,-77.05169767141342,7097,7164,14261
31217,USDA / 12th & C St SW,38.88627694506511,-77.02824175357819,6939,7319,14258
31112,Harvard St & Adams Mill Rd NW,38.927872,-77.043358,7146,7046,14192
31507,1st & Washington Hospital Center NW,38.928743,-77.012457,7359,6788,14147
31235,19th St & Constitution Ave NW,38.89221235271478,-77.04307436943054,6823,7193,14016
31417,Kansas Ave & Sherman Cr NW,38.94796174822241,-77.02154964208603,7403,6537,13940
31644,12th St & Pennsylvania Ave SE,38.882489,-76.990121,7078,6845,13923
31211,Kennedy Center,38.897293,-77.05557,6662,7255,13917
32418,West Hyattsville Metro,38.955349,-76.968084,6988,6913,13901
31406,14th & Upshur St NW,38.942475355602845,-77.03267812728882,7328,6524,13852
31629,8th & East Capitol St NE,38.889988,-76.995193,6951,6812,13763
31062,Roosevelt Island,38.896553,-77.06714,6848,6914,13762
31024,Virginia Square Metro / Monroe St & 9th St N,38.882788,-77.103148,7303,6357,13660
31608,8th & Eye St SE / Barracks Row,38.8792,-76.9953,6821,6832,13653
31002,Crystal Dr & 20th St S,38.856425,-77.049232,6685,6826,13511
31140,21st & L St NW ,38.90394485,-77.046472073,6428,7005,13433
31016,Clarendon Blvd & Pierce St,38.893438,-77.076389,6666,6630,13296
31656,Maryland Ave & 17th St NE,38.901935,-76.978627,6645,6638,13283
31601,19th & East Capitol St SE,38.8896,-76.9769,6599,6587,13186
31027,Wilson Blvd & N Quinn St,38.893993,-77.07857,6705,6452,13157
32226,20th & I St NW,38.90155,-77.045021,6390,6765,13155
31294,7th & E St SW,38.88345,-77.021741,6514,6542,13056
31429,Rock Creek Pkwy & Pkwy Dr NW ,38.891970158,-77.054595232,6469,6448,12917
31039,Wilson Blvd & N Quincy St,38.880012,-77.107854,6813,6032,12845
31301,Ward Circle / American University,38.938736,-77.087171,6490,6001,12491
31320,American University East Campus,38.936298,-77.087128,6723,5729,12452
31512,Neal St & Trinidad Ave NE,38.903732,-76.987211,6226,6208,12434
31621,4th & D St NW / Judiciary Square,38.895344,-77.016106,6131,6235,12366
31326,Hardy Rec Center,38.90970086204467,-77.08564639091492,6162,6191,12353
31418,New Hampshire & Gallatin St NW,38.951596,-77.012808,6700,5607,12307
31304,36th & Calvert St NW / Glover Park,38.922581,-77.070334,6370,5808,12178
31006,Pentagon Row Plaza / Army Navy Dr & Joyce St,38.86331354301248,-77.06341624259947,5961,6057,12018
31411,Georgia & Missouri Ave NW,38.961339,-77.027855,6467,5515,11982
31939,Wilson Blvd & N Oak St,38.895068,-77.07386,5942,5988,11930
31407,Colorado Ave & Longfellow St NW,38.957212,-77.032707,6365,5527,11892
31100,19th St & Pennsylvania Ave NW,38.9003,-77.0429,5868,5956,11824
31917,N Lynn St & Fairfax Dr,38.89386,-77.070862,5334,6150,11484
33200,17th St & New York Ave NW,38.896604,-77.039778,5604,5831,11435
33101,17th St & Kalorama Rd NW,38.9216394,-77.0385592,5773,5588,11361
31664,Half & Water St SW,38.866277,-77.010551,5479,5794,11273
31648,Potomac Ave & Half St SW,38.86968314861632,-77.01081544160843,5215,5963,11178
31310,Connecticut & Nebraska Ave NW,38.955016,-77.069956,5902,5268,11170
31392,39th St & Tunlaw Rd NW,38.9257,-77.079119,5686,5438,11124
31000,Eads St & 15th St S,38.859751,-77.053235,5521,5585,11106
31305,Connecticut Ave & Macomb St NW / Cleveland Park,38.93362634918731,-77.0575301349163,5736,5343,11079
31635,Potomac Ave & 8th St SE,38.876737,-76.994468,5442,5608,11050
31725,16th St & North Carolina Ave NE,38.893062,-76.982464,5491,5317,10808
31003,Crystal Dr & 15th St S,38.861056,-77.049417,5270,5364,10634
31969,Braddock Rd Metro South,38.813474,-77.053734,5231,5214,10445
31676,1st & Q St SW,38.87082393953792,-77.01191514730453,4929,5379,10308
31019,Wilson Blvd & N Edgewood St,38.889396070923496,-77.09186241030693,5462,4761,10223
31077,Iwo Jima Memorial / Meade & 14th St N,38.88992,-77.071301,5065,5157,10222
31425,Georgia Ave & Dahlia St NW,38.976061,-77.026747,5506,4538,10044
31284,18th & C St NW,38.893511,-77.041544,4760,4990,9750
31424,9th & Ingraham St NW,38.95366314394005,-77.02561318874359,5065,4635,9700
31017,Wilson Blvd & N Uhle St,38.891696,-77.0846,5386,4261,9647
31712,Oklahoma Ave & D St NE,38.894474,-76.974828,4746,4857,9603
31030,Langston Blvd & N Adams St,38.89593,-77.089006,5537,4017,9554
31504,10th & Monroe St NE,38.932456900063606,-76.99353396892548,5330,4220,9550
31080,Langston Blvd & N Scott St,38.897612,-77.080851,4790,4748,9538
31541,10th & Quincy St NE / Turkey Thicket Rec,38.937849,-76.993509,4802,4548,9350
31011,Crystal Dr & 23rd St S,38.852929,-77.049723,4521,4599,9120
31513,Rhode Island Ave & V St NE,38.918155,-77.004746,5061,4006,9067
31318,Connecticut Ave & Yuma St NW,38.947156,-77.065115,4539,4222,8761
31525,Trinidad Rec Center,38.906299,-76.983221,4412,4319,8731
31904,East Falls Church Metro / Sycamore St & 19th St N,38.88532071975074,-77.15642720460892,4438,4273,8711
31021,Clarendon Blvd & N Fillmore St,38.8881,-77.09308,4707,3989,8696
31403,5th & Kennedy St NW,38.95655554772196,-77.0198142528534,4441,4236,8677
31395,Massachusetts & Idaho Ave NW,38.931349,-77.077214,4702,3819,8521
31511,12th & Irving St NE,38.928644,-76.990955,4243,4107,8350
31920,Washington-Liberty High School / N Stafford St & Generals Way,38.888282,-77.111066,4309,4024,8333
31041,Prince St & Union St,38.803124,-77.040363,3770,4534,8304
31658,Rosedale Rec Center,38.897808,-76.979634,4086,4171,8257
31029,N Veitch St & 20th St N,38.896923,-77.086502,4197,4047,8244
31031,15th St & N Scott St,38.89054,-77.08095,4266,3949,8215
31402,14th St Heights / 14th & Crittenden St NW,38.94764924,-77.032858849,4154,3954,8108
31673,Waterfront Park,38.874820772513424,-77.0207878947258,3770,4316,8086
31015,Wilson Blvd & Ft Myer Dr,38.8946,-77.072305,3748,4293,8041
31508,Gallaudet / 8th St & Florida Ave NE,38.90509,-76.9941,3998,3983,7981
31313,Connecticut Ave & Tilden St NW,38.94113915653008,-77.061977237463,4213,3737,7950
31023,Fairfax Dr & Wilson Blvd,38.885801,-77.097745,4150,3781,7931
31607,13th & E St SE,38.882928133,-76.987836242,4144,3760,7904
31049,Fairfax Dr & N Taylor St,38.882338762,-77.112722516,3986,3885,7871
31098,King St Metro North / Cameron St,38.80704,-77.059817,3907,3961,7868
32399,16th & Pine St NW,38.930882931,-77.036236882,4185,3669,7854
31333,Wisconsin Ave & Rodman St NW,38.93967417202165,-77.07527697086334,4684,3091,7775
31665,Stadium Armory Metro,38.88548252734069,-76.97718724608421,4002,3733,7735
31034,Fairfax Dr & N Randolph St,38.882629,-77.109366,4107,3567,7674
31025,Central Library / Quincy St & 10th St N,38.88397,-77.10783,3916,3684,7600
31261,Virginia Ave & C St NW,38.894112,-77.044334,3621,3865,7486
31416,14th St & Luzon Ave NW,38.969489,-77.033509,3775,3583,7358
31940,Arlington Blvd & Fairfax Dr,38.88625606692058,-77.08426237106323,3633,3670,7303
33001,2nd & U St SW,38.866349,-77.01362,3532,3709,7241
31654,King Greenleaf Rec Center,38.876211,-77.012443,3383,3830,7213
31259,20th St & Virginia Ave NW,38.894722,-77.045128,3603,3580,7183
31091,Joyce St & 16th St S,38.859254,-77.063275,3611,3560,7171
31013,Eads St & 22nd St S,38.85438051517749,-77.05341160297394,3530,3596,7126
31042,Market Square / King St & Royal St,38.804718,-77.043363,3305,3796,7101
31520,24th & R St NE / National Arboretum,38.912647963,-76.971928477,3520,3501,7021
31391,44th St & New Mexico Ave NW,38.933899,-77.086263,3698,3311,7009
31413,3rd & Underwood St NW,38.96893546152592,-77.01626300811768,3689,3291,6980
31929,Mt Vernon Trail & S. Washington St.,38.7930647,-77.049436,3432,3505,6937
31138,4th & College St NW,38.92123296360907,-77.01813519001007,3581,3342,6923
32420,Prince George's Plaza Metro,38.965742,-76.954803,3608,3265,6873
31501,12th & Newton St NE,38.933668,-76.991016,3535,3291,6826
31319,Wisconsin Ave & Brandywine St NW,38.949813,-77.080217,3804,2991,6795
31040,GMU/Fairfax Dr & Kenmore St,38.884631395,-77.100612879,3550,3175,6725
31308,39th & Veazey St NW,38.943837,-77.077078,3888,2831,6719
31535,10th St & Rhode Island Ave NE,38.92248919793601,-76.99267029762268,3468,3185,6653
31979,Potomac Yard Metro South,38.833437,-77.047846,3323,3325,6648
31206,19th & E Street NW,38.895734,-77.043368,3281,3363,6644
31959,Main Line Blvd & E Glebe,38.832431,-77.049772,3281,3254,6535
32014,Friendship Hts Metro / Wisconsin Ave & Wisconsin Cir,38.961763,-77.085998,3445,3067,6512
31020,Wilson Blvd & N Franklin Rd,38.8904,-77.0889,3864,2625,6489
31412,3rd St & Riggs Rd NE,38.957463,-77.002239,3218,3257,6475
31038,Glebe Rd & 11th St N,38.883921,-77.116817,3412,3025,6437
31617,Bladensburg Rd & Benning Rd NE,38.900413,-76.982872,3078,3294,6372
31937,Arlington Blvd & Ft Myer Dr,38.890863,-77.074893,3134,3127,6261
31423,Kansas Ave & Longfellow St NW,38.958098,-77.013821,3327,2932,6259
31924,Wilson Blvd & N Troy St,38.892556,-77.082089,3271,2873,6144
31950,Long Bridge Aquatic Center,38.87056104566178,-77.04409494996071,3047,3083,6130
31960,Commonwealth and Reed,38.8368376462948,-77.05727398395538,3003,3069,6072
31502,John McCormack Rd & Michigan Ave NE,38.9346,-76.9955,3134,2886,6020
31079,Langston Blvd & N Cleveland St,38.894941,-77.09169,3120,2863,5983
31069,N Pershing Dr & N George Mason Dr,38.871822,-77.107906,3110,2866,5976
31093,21st St & N Pierce St,38.898984,-77.078317,3060,2894,5954
31026,Washington Blvd & 10th St N,38.884734,-77.093485,3340,2590,5930
31074,TJ Cmty Ctr / 2nd St & S Old Glebe Rd,38.869418,-77.095596,2883,3027,5910
32002,Bethesda Ave & Arlington Rd,38.981103,-77.097426,3001,2867,5868
31060,S Arlington Mill Dr & Campbell Ave,38.84232,-77.089555,2800,2994,5794
32048,Bethesda Metro / Wisconsin Ave & Old Georgetown Rd,38.984691,-77.094537,3065,2636,5701
31414,Georgia Ave & Piney Branch Rd NW,38.967505,-77.027976,3065,2591,5656
32055,Woodmont Ave & Strathmore St,38.979875,-77.093522,2856,2709,5565
31968,King St & N Pitt St,38.8048011316311,-77.04467564821243,2634,2824,5458
31004,Aurora Hills Cmty Ctr / 18th St & S Hayes St,38.857866,-77.05949,2650,2685,5335
33002,3rd & K St NW,38.90241,-77.01533,2625,2678,5303
31420,17th & Upshur St NW,38.942146,-77.038684,2914,2345,5259
31405,Georgia Ave & Emerson St NW,38.949662,-77.027333,2845,2397,5242
31009,Crystal Dr & 27th St S,38.848466,-77.051514,2569,2607,5176
31935,National Airport,38.852903,-77.045916,2541,2606,5147
31394,New Mexico & Cathedral Ave NW,38.930316,-77.083704,2646,2489,5135
31340,North Capitol & Douglas St NW / Reservoir Park Rec ,38.923613,-77.009814,2670,2448,5118
31801,Anacostia Metro,38.862601,-76.994578,2484,2476,4960
31727,17th St & Potomac Ave SE / Congressional Cemetery ,38.882458,-76.980715,2496,2420,4916
31926,Wilson Blvd & N Vermont St,38.87947660895433,-77.11456328630447,2505,2406,4911
31010,S Glebe Rd & Potomac Ave,38.8426,-77.0502,2438,2444,4882
32423,National Harbor Carousel,38.7859,-77.0167,2450,2431,4881
31056,S Troy St & 26th St S,38.847977,-77.075104,2379,2458,4837
31065,N Pershing Dr & N Wayne St,38.880705,-77.08596,2551,2277,4828
31055,28th St & S Meade St,38.846222,-77.069275,2331,2490,4821
31012,Clark St & 26th St S,38.850688,-77.05152,2388,2432,4820
31068,Arlington Mill Cmty Center / Columbia Pike & S Dinwiddie St,38.856576324,-77.111691594,2314,2457,4771
31528,John McCormack Rd NE,38.938889,-76.997226,2589,2161,4750
31905,Kennebec St & 11th St N,38.880992,-77.135271,2372,2326,4698
32429,Bowdoin Ave & Calvert Rd/ College Park Station,38.978103,-76.928879,2348,2275,4623
31036,George Mason Dr & Wilson Blvd,38.87887,-77.1207,2357,2196,4553
31322,48th Pl & MacArthur Blvd NW,38.916561,-77.095513,2276,2263,4539
32026,Carroll & Ethan Allen Ave,38.977933,-77.006472,2410,2107,4517
32403,Baltimore Ave & Jefferson St,38.95548,-76.940133,2212,2303,4515
31900,Langston Blvd & N Woodstock St,38.898301,-77.118009,2344,2152,4496
32046,River Rd & Landy Ln,38.964992,-77.103381,2305,2187,4492
31018,Rhodes St & 16th St N,38.892164,-77.079375,2380,2104,4484
31981,Columbia Pike & W&OD Trail ,38.856645,-77.109609,2186,2298,4484
32025,Carroll & Westmoreland Ave,38.975,-77.01121,2542,1916,4458
31973,N Pershing Dr & N Quebec St,38.874248,-77.104784,2447,2008,4455
31719,Oklahoma Ave & Benning Rd NE,38.8974996,-76.9695094,2175,2263,4438
31035,N Quincy St & Glebe Rd,38.876393,-77.107735,2388,1995,4383
31415,Georgia Ave & Kennedy St NW,38.95674,-77.02791,2430,1910,4340
31087,Monroe Ave & Leslie Ave,38.820932,-77.053096,2125,2198,4323
31052,Potomac Ave & 35th St S,38.844015,-77.050537,2109,2195,4304
31918,Madison St & Fairfax St,38.812351,-77.040691,2057,2230,4287
31082,Eisenhower Ave & Mill Race Ln,38.801111,-77.068952,2130,2141,4271
31530,Capitol Ave & Kendall St NE,38.910993,-76.985854,2114,2152,4266
31050,Barton St & 10th St N,38.884961,-77.08777,2265,1992,4257
32421,Riverdale Park Town Center,38.962119,-76.935578,2072,2109,4181
32012,Silver Spring Metro / Colesville Rd & Wayne Ave,38.995256441231696,-77.02912420034409,2151,1976,4127
31315,Connecticut Ave & McKinley St NW,38.96454350924588,-77.07513481378555,2103,2023,4126
31085,Mount Vernon Ave & E Nelson Ave,38.820064,-77.057619,2023,2084,4107
31084,Ballenger Ave & Dulaney St,38.802677,-77.063562,2066,2038,4104
31086,Mount Vernon Ave & E Del Ray Ave,38.82595,-77.058541,2009,2032,4041
31331,Arizona Ave & MacArthur Blvd NW,38.927294,-77.103662,1948,2093,4041
31073,Washington Blvd & Walter Reed Dr ,38.873219,-77.082104,1986,2039,4025
31910,Potomac Ave & Main Line Blvd,38.822738,-77.049265,1961,1987,3948
31309,Fessenden St & Wisconsin Ave NW,38.954812,-77.082426,2048,1853,3901
31044,King St & Patrick St,38.805317,-77.049883,1845,2054,3899
31919,Carlin Springs Rd & N Thomas St,38.876695,-77.112982,2081,1804,3885
32036,Fenton St & Ellsworth Dr ,38.997033,-77.025608,1992,1878,3870
31045,Commerce St & Fayette St,38.80563,-77.052925,1871,1997,3868
31032,Washington Blvd & 7th St N,38.88081,-77.090792,2052,1812,3864
32000,Norfolk Ave & Fairmont St,38.988562,-77.096539,1950,1912,3862
31058,Columbia Pike & Monroe St,38.860331297,-77.093803048,1953,1908,3861
31526,Rhode Island & Montana Ave NE,38.924492,-76.985133,2087,1773,3860
31028,N Veitch St & Key Blvd,38.893237,-77.086063,2236,1598,3834
31970,First St & Fayette St,38.817019,-77.050105,1964,1868,3832
31707,Benning Rd & East Capitol St NE / Benning Rd Metro,38.889935,-76.93723,1918,1881,3799
31938,23rd St S & Hayes St,38.853002,-77.059496,1887,1908,3795
31053,Columbia Pike & S Courthouse Rd,38.863833,-77.080319,1922,1845,3767
31048,King St Metro South,38.80576284873485,-77.060626745224,1891,1865,3756
31092,Langston Blvd & N Monroe St,38.896456,-77.104562,1898,1850,3748
32231,Dunn Loring Metro,38.8828,-77.2283,1971,1775,3746
31827,St. Elizabeths West Campus/DHS ,38.853124,-77.005174,1829,1816,3645
31043,St Asaph & Pendleton St,38.81074147938705,-77.0446327328682,1726,1905,3631
31317,Wisconsin Ave & Ingomar St NW,38.958267,-77.084636,1895,1707,3602
31075,Rolfe St & 9th St S,38.866471,-77.076131,1746,1793,3539
31716,Kingman Island/The Fields at RFK,38.89595455700754,-76.9678448436025,1764,1771,3535
31931,N Pitt St & Montgomery St,38.81403111409755,-77.04281687736511,1628,1905,3533
31078,Arlington Blvd & S George Mason Dr,38.869442,-77.104503,1782,1699,3481
31721,Anacostia Ave & East Capitol St NE,38.890461,-76.96128,1709,1765,3474
31096,Columbia Pike & S Highland St,38.862398,-77.089133,1719,1681,3400
31059,S Four Mile Run Dr & Walter Reed Dr,38.84736,-77.095431,1679,1714,3393
32027,Battery Ln & Trolley Trail,38.992375,-77.100104,1796,1594,3390
31802,MLK & Marion Barry Ave SE,38.867373,-76.988039,1633,1724,3357
32416,Chillum Rd & Riggs Rd / Riggs Plaza,38.961737,-76.995922,1737,1601,3338
32402,Baltimore Ave & Van Buren St / Riverdale Park Station,38.969581,-76.937349,1664,1660,3324
31083,Potomac Greens Dr & Slaters Ln,38.82175,-77.047494,1651,1657,3308
31051,12th St N & N Pierce St,38.887659,-77.07592,1678,1623,3301
32431,Baltimore Avenue and Hotel Drive at UMD,38.986639,-76.936073,1658,1624,3282
32040,Friendship Blvd & Willard Ave,38.96115,-77.088659,1773,1495,3268
31951,8th Rd & S Frederick St,38.857049,-77.116339,1652,1606,3258
31903,Royal St & Wilkes St,38.799267,-77.0447,1489,1694,3183
31033,Barcroft Community Center,38.85033657788445,-77.1009886264801,1532,1643,3175
32001,Fenton St & New York Ave ,38.985404,-77.023082,1704,1452,3156
31390,Whitehaven Pkwy & Foxhall Rd NW / GWU Mt. Vernon,38.916501,-77.0909109,1648,1493,3141
31090,Long Bridge Park / Long Bridge Dr & 6th St S,38.865553,-77.05003,1506,1628,3134
31097,Saint Asaph St & Madison St,38.812718,-77.044097,1463,1629,3092
31510,18th St & Rhode Island Ave NE,38.927095,-76.978924,1537,1547,3084
31936,Army Navy Dr & Fern St,38.864838,-77.056873,1495,1548,3043
31720,Anacostia Roller Skating Pavilion,38.878771,-76.97093,1509,1512,3021
32243,Reston Town Center Metro North,38.953691,-77.359717,1530,1484,3014
31542,12th & Varnum St NE,38.943596,-76.990157,1499,1510,3009
32432,Bladensburg Waterfront Park,38.934324,-76.938248,1504,1503,3007
31976,Virginia Hospital Center,38.88791377249907,-77.12801456451415,1505,1482,2987
32008,Cordell & Norfolk Ave,38.98954,-77.098029,1611,1364,2975
31708,Anacostia Ave & Benning Rd NE / River Terrace ,38.896544,-76.96012,1463,1497,2960
31054,Wakefield High School,38.847129045742605,-77.1125502884388,1504,1418,2922
31916,Potomac Ave & Swann Ave,38.829545,-77.047844,1480,1439,2919
31907,Franklin St & S Washington St,38.798133,-77.0487,1385,1524,2909
31521,18th & Monroe St NE,38.93293,-76.979517,1369,1539,2908
31076,S Randolph St & Campbell Ave,38.84065400672152,-77.08865851163864,1415,1493,2908
31902,Wilson Blvd & N Illinois St ,38.876528,-77.12712,1478,1411,2889
31820,Anacostia Park,38.873926,-76.981179,1465,1417,2882
31933,Duke St & Strand (Robinson Terminal),38.801947,-77.040293,1288,1570,2858
31909,Mount Vernon Ave & Four Mile Run Park,38.843422,-77.064016,1433,1423,2856
31974,Mandeville Ln & Stovall St,38.802893,-77.072558,1436,1412,2848
31047,Braddock Rd Metro North,38.814577,-77.052808,1437,1405,2842
32049,WAU / Flower Ave & Division St,38.986743,-77.000035,1415,1426,2841
31913,Commonwealth Ave & E Monroe Ave,38.82005823354218,-77.06282079219818,1391,1443,2834
32024,Fenton St & Gist Ave,38.989724,-77.023854,1514,1298,2812
31067,Columbia Pike & S Walter Reed Dr,38.862478,-77.086599,1411,1385,2796
32053,Medical Center Metro ,38.999378,-77.097882,1515,1266,2781
32019,East West Hwy & Blair Mill Rd,38.990249,-77.02935,1533,1245,2778
31944,S Clark St & 33rd St,38.845028,-77.051956,1386,1390,2776
32430,Guilford Drive & Rowalt Drive / UMD,38.978008,-76.939269,1410,1365,2775
31923,Columbia Pike & S George Mason Dr,38.85930561998234,-77.10201859474182,1350,1355,2705
31948,W&OD Trail & Langston Blvd,38.88715,-77.16212,1355,1331,2686
31805,Pennsylvania & Minnesota Ave SE,38.873057,-76.971015,1276,1393,2669
31806,Congress Heights Metro,38.844711,-76.987823,1387,1248,2635
31070,Arlington Blvd & Fillmore St,38.873755,-77.089233,1301,1289,2590
32422,The Mall at Prince Georges,38.968842,-76.954171,1339,1236,2575
31945,Columbia Pike & S Greenbrier St,38.854019,-77.118106,1310,1234,2544
31057,S Four Mile Run Dr & Shirlington Rd,38.8444,-77.085931,1199,1260,2459
32056,East West Hwy & 16th St,38.995681,-77.038721,1401,1052,2453
31088,Mount Vernon Ave & Kennedy St,38.833077,-77.059821,1214,1234,2448
31971,S Wayne St and 9th St S,38.864694,-77.082491,1221,1210,2431
32260,Vienna Metro South,38.877415,-77.270731,1274,1157,2431
32600,Founders Row/W Broad St & West St,38.8901554,-77.183178,1182,1214,2396
32003,Montgomery Ave & Waverly St ,38.983838,-77.09221,1345,1046,2391
32408,Oglethorpe St & 42nd Ave,38.959361,-76.946361,1168,1208,2376
31915,Powhatan St & Bashford Ln,38.818748,-77.047783,1149,1181,2330
31422,Broad Branch Rd & Northampton St NW,38.96577499342219,-77.06862643361092,1158,1159,2317
31803,14th St & Marion Barry Ave SE,38.866611,-76.985238,1161,1152,2313
31956,Reed & Edison,38.83728,-77.060899,1140,1172,2312
31955,King St & Peyton St,38.806002,-77.055911,1121,1159,2280
31316,Yuma St & Tenley Circle NW,38.946182,-77.08059,1458,815,2273
31334,Loughboro Rd & Dalecarlia Pkwy NW / Sibley Hospital,38.935839,-77.106913,1156,1109,2265
31949, S Scott St & 13th St S,38.862862,-77.07716,1142,1113,2255
31081,Duke St & John Carlyle St,38.804378,-77.060866,1176,1079,2255
32433,Rhode Island Avenue /Charles Armentrout Drive - Melrose Skate Park ,38.946393,-76.94602,1118,1132,2250
31963,Holmes Run Pkwy & N Pickett St,38.814305,-77.11893,1081,1160,2241
32413,Rhode Island Ave & 39th St / Brentwood Arts Exchange,38.939271,-76.955047,1100,1091,2191
32410,Queens Chapel & Hamilton St,38.9546,-76.9595,1072,1099,2171
32039,Old Georgetown Rd & Southwick St,38.999634,-77.109647,1144,992,2136
31543,24th St & Rhode Island Ave NE,38.93077415308313,-76.97285145521163,1053,1082,2135
32034,Silver Spring Transit Center - Top Level,38.99403485060837,-77.03037142753601,1185,933,2118
32404,Perry & 35th St,38.936213,-76.960054,1042,1066,2108
32419,Capitol Heights Metro,38.888524,-76.913188,1079,1025,2104
32074,Twinbrook Metro,39.062041,-77.120776,1068,1006,2074
32021,47th & Elm St,38.982456,-77.091991,1123,928,2051
31804,Anacostia Library,38.865784,-76.9784,1027,1009,2036
31545,18th & Upshur St NE,38.941733,-76.980378,964,1059,2023
32412,New Hampshire Ave & East-West Hwy,38.974196792,-76.995226026,1049,968,2017
31061,S Kenmore St & 24th St S,38.848454,-77.084918,1017,999,2016
31546,South Dakota Ave & Decatur St NE ,38.948307,-76.991829,1007,1003,2010
31808,W St & Shannon Pl SE,38.865404,-76.990779,982,1021,2003
32606,N Roosevelt St & Roosevelt Blvd,38.878085,-77.153953,1072,928,2000
31983,Virginia Tech / University Dr & Potomac Ave,38.838844754411575,-77.04851649200613,985,1000,1985
32051,Connecticut Ave & Chevy Chase Lake Dr,38.994113,-77.076986,1018,920,1938
32006,13th St & Eastern Ave,38.987,-77.029417,1054,846,1900
31703,Minnesota Ave Metro/DOES,38.896999836,-76.947504997,950,918,1868
31921,Westover Library / Washington Blvd & N McKinley Rd,38.886048,-77.142317,946,922,1868
32029,Offutt Ln & Chevy Chase Dr,38.977093,-77.094589,974,880,1854
32011,Maple & Ritchie Ave,38.983627,-77.006311,843,1010,1853
31912,Mount Vernon Ave & Bruce St,38.841291,-77.063093,874,929,1803
31972,S Wakefield St & 28th St S,38.84404,-77.098093,884,907,1791
32601,Eden Center,38.87380771851765,-77.15284913778305,897,887,1784
31730,Nebraska & Utah Ave NW,38.967291,-77.060662,881,895,1776
31099,Madison St & N Henry St,38.813485,-77.049468,892,874,1766
32605,W Broad St & Little Falls St,38.883601,-77.173438,875,883,1758
31537,Fort Lincoln Dr & 33rd Pl NE,38.9216413,-76.9556866,878,878,1756
31046,Henry St & Pendleton St,38.811456,-77.050276,872,863,1735
32204,Tysons Metro North,38.920939,-77.222115,875,846,1721
32406,Fleet St & Waterfront St,38.782633,-77.016059,892,809,1701
32214,W&OD Trail & Explorer St/Reston Bus Station,38.957037,-77.359718,854,843,1697
32415,Tanger Outlets,38.7968,-77.0026,882,804,1686
31985,Canal Center Plaza & Fairfax St,38.81465868761216,-77.04014585740823,774,910,1684
32262,District Ave & Strawberry Ln/Mosaic Market Garage,38.872642,-77.230632,792,881,1673
31928,N. Beauregard St. & Berkley St.,38.84154815912996,-77.10773438215256,872,801,1673
32058,Sligo Ave & Carroll Ln,38.990874,-77.016311,910,736,1646
32608,Falls Church City Hall / Park Ave & Little Falls St,38.885434,-77.173605,806,820,1626
31428,Western Ave & Pinehurst Cir NW ,38.975739,-77.066409,796,824,1620
31717,Kenilworth Terr & Hayes St. NE,38.90046848783359,-76.9472873210907,799,814,1613
32427,40th Ave & Bladensburg Rd,38.935388,-76.949287,784,803,1587
32062,Wheaton Metro / Georgia Ave & Reedie Dr,39.038423828518326,-77.05102041363716,814,769,1583
32057,Pooks Hill Rd & Linden Ave,39.014716,-77.107143,779,789,1568
31544,Michigan Ave & Allison St NE,38.945068,-76.978783,752,813,1565
31812,16th & Q St SE / Anacostia HS,38.870695,-76.982359,764,793,1557
32075,North Bethesda Metro,39.04753,-77.11287,782,752,1534
31094,Langston Blvd & N Kirkwood Rd,38.895377,-77.09713,756,772,1528
31066,Columbia Pike & S Orme St,38.867262,-77.072315,759,749,1508
32426,Greenbelt Station Parkway,39.002459,-76.916243,751,752,1503
32411,Northwestern High School,38.975505,-76.952199,777,718,1495
31705,Benning Branch Library,38.894,-76.947974,755,726,1481
31700,Marion Barry Ave & Naylor Rd SE,38.861663,-76.969184,828,650,1478
31914,Lee Center,38.797557,-77.053766,739,728,1467
32028,Norfolk & Rugby Ave,38.990639,-77.100239,771,681,1452
31701,Branch & Pennsylvania Ave SE,38.8692,-76.9599,725,711,1436
32414,Riggs Rd & East West Hwy,38.9725,-76.9807,699,717,1416
31986,Richmond Hwy & Swann Ave,38.829222,-77.050979,734,678,1412
31906,Commonwealth Ave & Oak St,38.812711,-77.061715,699,704,1403
32220,W&OD Trail/Sunset Hills Rd & Isaac Newton Sq,38.951419,-77.340281,706,693,1399
31063,S George Mason Dr & S Four Mile Run Dr,38.852248,-77.105022,692,705,1397
31731,Fort Totten Dr & Crittenden St NE,38.948227,-77.006444,706,685,1391
32603,Pennsylvania Ave & Park Ave,38.887403,-77.176992,686,697,1383
31427,Kansas Ave & Tuckerman St NW / Lamond Rec ,38.96754384,-77.006940246,756,618,1374
31958,S Washington St & Wilkes St,38.800703,-77.048043,604,718,1322
32061,New Hampshire & Kirklynn Ave,38.988101,-76.988422,664,649,1313
31816,4th St & Mississippi Ave SE,38.836055875,-77.000890136,640,658,1298
32235,Merrifield Cinema & Merrifield Town Center,38.870093,-77.22997,595,699,1294
31811,South Capitol & Atlantic St SW,38.831516,-77.008133,652,641,1293
32242,Market St & St Francis St,38.95866,-77.361516,649,636,1285
32043,Veterans Pl & Pershing Dr ,38.997445,-77.023894,656,629,1285
31095,Army Navy Dr & S Nash St,38.86215024521491,-77.06812083721161,640,621,1261
32045,Shady Grove Metro West,39.119765,-77.166093,620,633,1253
31538,South Dakota Ave & Bladensburg Rd NE,38.9252,-76.964896,627,617,1244
32216,Library St & Freedom Dr,38.959633,-77.358741,623,606,1229
32607,S Maple Ave & S Washington St,38.87972,-77.178408,606,615,1221
32037,King Farm Blvd & Pleasant Dr,39.114688,-77.171487,614,593,1207
31966,Duke St & Jordan St,38.812187,-77.10994,587,619,1206
31930,Eisenhower Ave & Ike Dr,38.802738,-77.0824626,608,595,1203
31831,25th & S St SE ,38.868356,-76.970997,594,603,1197
31141,Arlington Blvd & N Queen St,38.889249,-77.077209,603,590,1193
32417,Hyattsville Library / Adelphi Rd & Toledo Rd,38.969471335,-76.949234128,594,585,1179
31817,1st & S Capitol St SE / Oxon Run Trail,38.824481,-77.005497,586,592,1178
32295,GMU/Horizon Hall & Harris Theater,38.831211,-77.308069,581,581,1162
31941,N Hampton Dr & Ford Ave,38.837306,-77.106111,587,570,1157
32604,E Fairfax St & S Washington St,38.880612,-77.171891,564,589,1153
31800,Alabama & MLK Ave SE,38.84322988730829,-76.99937582015991,605,546,1151
31962,King St & W Braddock Rd,38.827674,-77.088985,601,546,1147
31826,Minnesota Ave & R St SE,38.8693365,-76.978519,565,571,1136
32609,W Columbia St & N Washington St,38.885621,-77.166917,577,557,1134
32289,Franconia-Springfield Metro North,38.766946,-77.168902,562,545,1107
31389,Route 29 & Circle Woods Dr,38.86911419290566,-77.27153766943553,540,559,1099
31946,Kenmore Ave & Seminary Rd,38.828887,-77.110588,572,502,1074
32080,Fishers Ln & Rock Creek Mill Rd,39.0629,-77.113454,552,514,1066
31977,Marymount University / Yorktown Blvd & 26th St N,38.904252,-77.127776,554,508,1062
32054,Lyttonsville Rd & Lyttonsville Pl,38.999679,-77.051168,527,516,1043
32203,Tysons Metro South,38.919475,-77.221179,525,506,1031
32081,Congressional Ln & E Jefferson St,39.06219,-77.129235,494,528,1022
31001,Brenman Park Dr & Somervelle St,38.809187,-77.116242,522,488,1010
31829,16th & Bangor St SE,38.86044,-76.983585,518,473,991
32267,Route 29 & Bisvey Dr,38.876912,-77.195847,481,495,976
31932,Van Dorn Metro,38.8000766,-77.1299434,477,497,974
32230,McLean Metro,38.92400207520182,-77.20812678337097,458,509,967
32234,Merrilee Dr & Lauren Elizabeth Lane,38.87857249314831,-77.23076596856116,484,481,965
32067,Shady Grove Metro East,39.121327,-77.164969,492,467,959
31199,Martha Custis Dr & Lyons Ln,38.841871,-77.082124,487,464,951
33202,27th St & Woodley Rd NW,38.925764,-77.055113,512,428,940
32210,Town Center Pkwy & Bowman Towne Dr,38.962524,-77.361902,458,478,936
31711,Deanwood Rec Center,38.908473,-76.933099,464,461,925
32602,N Oak St & W Broad St,38.88837,-77.179832,446,478,924
31702,Randle Circle & Minnesota Ave SE,38.878,-76.9607,454,463,917
31710,Nannie Helen Burroughs Ave & 49th St NE,38.89852798,-76.931850195,446,455,901
31927,Wheeler Ave & S. Floyd St.,38.808161,-77.100796,445,452,897
33201,Kansas Ave & Blair Rd NW,38.962406397,-77.010475993,457,439,896
32050,Spring St & 2nd Ave,38.997653,-77.034499,534,359,893
31386,Prosperity Ave & Avenir Pl,38.88143586412813,-77.23037748489112,473,419,892
32068,Columbus Ave & Tribeca St,39.12582811177034,-77.16705948114395,446,438,884
31922,Potomac Greens & Carpenter Rd,38.831094623,-77.046109796,456,424,880
31830,South Capitol St and Southern Ave SE,38.821563,-77.001095,427,441,868
31957,King St & Kenwood Ave,38.824793,-77.085066,481,376,857
32078,Woodglen Dr & Executive Blvd,39.04317,-77.1135,428,416,844
32401,Largo Town Center Metro,38.899811,-76.844604,426,416,842
32232,West Falls Church Metro,38.9001,-77.1887,453,376,829
32083,Rockville Pike & Rose Ave,39.051022,-77.115438,412,415,827
32229,Park Run & Onyx Dr,38.92755,-77.226644,420,401,821
31072,31st St & S Woodrow St,38.8378458,-77.0934784,441,380,821
31984,Four Mile Rd & Milan Dr,38.84296803272703,-77.0689488849726,399,417,816
32059,Takoma Park Rec Center,38.98265,-76.988311,378,436,814
31901,Washington Blvd & N Frederick St,38.884829,-77.127671,409,398,807
32213,W&OD Trail/Sunset Hills Rd & Old Reston Ave,38.955079,-77.351649,398,405,803
32082,Garland Ave & Walden Rd,39.00048,-77.00077,398,383,781
32219,Reston YMCA,38.955314,-77.368416,369,404,773
31706,Fairfax Village,38.86559,-76.952103,396,376,772
31396,Dorr Ave & Prosperity Ave,38.879256,-77.233583,379,383,762
32265,Pimmit Dr & Los Pueblos Ln,38.900371,-77.205428,369,390,759
31726,34th St & Minnesota Ave SE,38.883843,-76.957511,380,378,758
32224,Town Center Pkwy & Sunset Hills Rd,38.955170598044894,-77.3630940914154,386,366,752
32017,Monroe St & Monroe Pl,39.083673,-77.149162,375,368,743
32065,Grandview & Blueridge Ave,39.043272,-77.053085,379,360,739
31908,Radford & Osage St,38.828471,-77.086061,412,318,730
31539,South Dakota Ave & 33rd St NE,38.921986,-76.960696,371,357,728
32215,Wiehle-Reston Metro South,38.94660792121498,-77.3393914103508,377,350,727
32038,King Farm Blvd & Piccard Dr,39.110314,-77.182669,365,360,725
31943,N Howard St & Taney Ave,38.815842,-77.110014,363,347,710
31728,55th & East Capitol St NE,38.889926,-76.922783,360,344,704
31953,S Pickett St & Shillings St,38.804486,-77.132334,331,363,694
32268,Arlington Blvd & Allen St,38.8663609,-77.1997883,344,349,693
31704,Nannie Helen Burroughs & Minnesota Ave NE,38.901385,-76.941877,330,346,676
32076,Citadel Ave & McGrath Blvd,39.049,-77.10933,319,317,636
31813,Alabama Ave & Stanton Rd SE / Shops at Park Village,38.84627,-76.98185,341,290,631
32261,Vaden Dr & Royal Victoria Dr/Jim Scott Cmty Ctr,38.873261,-77.272999,368,263,631
31954,S Jordan St & Venable St,38.811361,-77.109975,315,309,624
32079,Executive Blvd & E Jefferson St,39.04873,-77.1257,306,313,619
31715,37th & Ely Pl SE,38.883132,-76.950009,319,294,613
32293,GMU/Patriot Cir & York Dr,38.8275011894995,-77.30415743360248,293,319,612
32294,GMU/Rappahannock River Ln,38.83480010457699,-77.30705653659993,305,305,610
31961,Fillmore & Bisdorf,38.83863,-77.116206,318,291,609
32288,Seatrend Way & Topsails Ln,38.775639,-77.160014,301,299,600
32258,Reston Town Center Metro South,38.9523,-77.361466,322,276,598
32250,Glade Dr & Pinecrest Rd/Cathy Hudgins Cmty Ctr,38.941496,-77.366499,306,289,595
31398,Tyco Rd & Boyd Pointe Way,38.930767,-77.241436,278,314,592
32269,Jones Branch Dr & Blyton St,38.926973,-77.217376,270,321,591
32218,Temporary Rd & Old Reston Ave,38.960084,-77.353414,324,266,590
32099,Philadelphia & Maple Ave,38.981251,-77.011208,259,331,590
32032,Fleet St & Ritchie Pkwy,39.076331,-77.141378,291,296,587
32063,Amherst Ave & Elkins St,39.044887,-77.047788,317,269,586
32272,Madrillon Rd & Boss St,38.910016,-77.226266,304,280,584
32278,Blenheim Blvd & North St,38.846972,-77.303349,286,297,583
32200,Spring Hill Metro,38.929261,-77.240654,300,280,580
32225,Reston Pkwy & Spectrum Dr,38.964207741006206,-77.35428035259247,294,281,575
31714,61st St & Banks Pl NE,38.891805,-76.913563,304,271,575
32084,Wheaton Library & Community Rec Center,39.0473228,-77.0510969,290,281,571
32212,New Dominion Pkwy & Fountain Dr,38.960574,-77.356324,305,266,571
32290,Charles Arrington Dr & Manchester Lakes Dr ,38.766844,-77.150359,281,285,566
32324, Scotts Crossing Rd & Spring Gate Dr,38.9270176,-77.2110936,270,288,558
32047,Rockville Metro West,39.084379,-77.146866,283,270,553
32022,Dennis Ave & Amherst Ave,39.02538719623632,-77.04456299543381,278,270,548
32251,Lake Newport Rd and Autumn Ridge Cir,38.97850255151454,-77.35345423221588,275,272,547
31399,Old Meadow Rd & Cathy Ln,38.916908,-77.213879,302,243,545
32101,Witter Field,38.805529237,-77.078819633,264,281,545
32044,Rockville Metro East,39.085394,-77.145803,273,271,544
32206,Jones Branch & Westbranch Dr,38.931911,-77.219261,255,284,539
32409,Southern Ave Metro,38.840107,-76.9753,278,250,528
31987,Reading Ave & Merton Ct,38.830352,-77.126081,271,255,526
32066,Windham Ln & Amherst Ave,39.032029,-77.04735,263,260,523
32270,Westbranch & Jones Branch Dr,38.931089,-77.220729,199,322,521
32237,Baron Cameron Ave & North Hampton Ave,38.966344,-77.359341,247,273,520
31818,Livingston Rd & 3rd St SE,38.82373,-77.00223,244,275,519
32263,Gatehouse Rd & Telestar Ct,38.868536,-77.225262,236,283,519
32299,Greensboro Dr & Silver Hill Dr,38.924325,-77.232091,322,191,513
32205,Westpark & Jones Branch Dr,38.924437,-77.217664,279,231,510
33204,15th & Chapin St NW,38.921468,-77.035244,278,226,504
31822,Stanton Square SE,38.855004,-76.984512,270,233,503
31671,53rd & D St SE/C.W. Harris Elementary,38.883318,-76.925315,251,248,499
32236,Vy Reston Heights,38.949008,-77.355299,270,228,498
32322,Monroe St & E Park Dr ,38.950009,-77.389696,242,255,497
32211,Greensboro Metro East,38.920687266851736,-77.233165204525,274,220,494
32297,Hilltop Rd & Willowmere Dr ,38.876903,-77.241518,252,240,492
32320,Reston Cmty Ctr/Hunters Woods Plaza,38.936418545319846,-77.3609955168468,242,243,485
31942,Whiting & Lane Dr,38.809709,-77.135788,264,216,480
32323,N Shore Dr & Charter Oak Ct,38.9590819,-77.3490256,218,260,478
32201,Westpark Dr & Leesburg Pike,38.92403,-77.235955,250,227,477
32264,Pimmit Dr & Idyl Ln,38.897692,-77.207261,235,241,476
31967,S Reynolds St & Edsall Rd,38.809561372,-77.128933191,239,232,471
31385,Old Meadow Rd & Old Meadow Ln,38.91898809004121,-77.21245960976546,232,235,467
32282,School St & George Mason Blvd,38.837382,-77.30938,247,214,461
32271,Madron Ln & Bermudez Ct,38.904415,-77.221807,232,229,461
32228,Reston Station Blvd & Sunset Hills Rd,38.946735,-77.331008,226,234,460
31380,Sunrise Valley Dr & Roland Clarke Pl,38.949366,-77.350396,224,225,449
32400,1301 McCormick Dr / Wayne K. Curry Admin Bldg,38.908391,-76.843263,233,207,440
31824,Valley Ave & Wheeler Rd SE,38.83664578175751,-76.99358886515256,220,195,415
31713,Division Ave & Foote St NE,38.897407,-76.925907,207,207,414
32023,Montgomery College / W Campus Dr & Mannakee St,39.095661,-77.159048,203,204,407
32321,Herndon Metro South ,38.95200070015967,-77.38455697243313,197,206,403
32259,N Shore Dr & Wainwright Dr,38.963782,-77.349764,190,212,402
32424,Roosevelt Center & Crescent Rd,39.00031,-76.878005,193,193,386
32276,Fairfax Blvd & Pickett Rd North,38.865091,-77.271911,167,215,382
32223,North Shore Dr & Village Rd,38.970412,-77.340787,165,213,378
32298,Chain Bridge Rd & Anderson Rd,38.925572,-77.204762,176,193,369
32221,Greensboro & International Dr,38.923083,-77.227417,211,154,365
31387,Kingsbridge Dr & Draper Dr,38.86854470388028,-77.28208337922068,165,195,360
31383,N Shore Dr & Bandit Loop,38.95937,-77.331794,172,187,359
32077,Rockville Pike & Old Georgetown Rd,39.049765,-77.11368,182,165,347
32425,Crescent Rd & Ridge Rd,39.006191,-76.891247,173,167,340
32275,Fairfax Blvd & Pickett Rd South,38.86476,-77.271483,161,174,335
32255,Hartland Rd & Harte Pl,38.878601,-77.222808,169,164,333
32407,Oxon Hill Park & Ride,38.798749,-77.00103,190,141,331
31814,Mississippi Ave & 19th St SE / THEARC,38.84377,-76.97557,169,161,330
32302,Innovation Metro South,38.960152,-77.416872,188,140,328
31952,N Howard St & N Imboden St,38.818509,-77.105564,174,146,320
32280,University Dr & Democracy Ln,38.849411,-77.304435,151,165,316
32073,Blueridge Ave & Elkin St,39.04313,-77.05006,161,152,313
32279,George Mason Blvd & Armstrong St,38.841099,-77.30718,160,151,311
31825,Fort Stanton Rec Center,38.85736903758752,-76.97768801437633,172,137,309
32253,Soapstone Dr Convenience Center,38.93051,-77.345874,138,169,307
32315,Huntington Ave & Old Richmond Hwy ,38.79054746400443,-77.06339837647609,142,165,307
32312,Coppermine Rd & River Birch Rd,38.949380692050696,-77.4160742818795,141,162,303
32304,Westwood Center Dr & Sheraton Tysons Dr,38.9291290090993,-77.24652310195275,147,151,298
32009,Frederick Ave & Horners Ln,39.094772,-77.145213,154,142,296
31723,Ridge Rd & Southern Ave SE,38.872976,-76.935246,161,134,295
32428,Walker Mill Road/ Walker Mill Regional Park ,38.875772,-76.868767,143,143,286
32086,Briggs Chaney & Castle Dr,39.081638,-76.945495,146,139,285
31815,19th & Savannah St SE,38.84623,-76.97703,144,141,285
32005,Traville Gateway Dr & Gudelsky Dr,39.093783,-77.202501,137,144,281
32306,Woodland Park Rd & Cooperative Way,38.95428072844162,-77.40284681732892,138,141,279
31964,Virginia Theological Seminary,38.820152,-77.093879,155,123,278
31381,Westbranch Dr & Maitland St,38.927943,-77.220829,129,146,275
32266,Emma Lee St & Morris St,38.877818,-77.209421,139,135,274
32064,Amherst Ave & Prichard Rd,39.035965,-77.048395,147,125,272
31722,Woody Ward Rec Center,38.879575,-76.926596,151,114,265
32305,Carta Way & Sayward Blvd,38.95783369794528,-77.4193554659783,140,125,265
32094,Oak Leaf & Lockwood,39.0379809,-76.9945391,146,117,263
32238,Ridge Heights Rd & Seahawks Dr,38.936061,-77.337775,135,127,262
32095,Crabbs Branch Avenue & Gramercy Blvd,39.124921,-77.164467,156,106,262
32207,Westpark & Park Run Dr,38.928854,-77.22518,137,124,261
32405,Largo Rd & Campus Way / Prince Georges's Comm Col,38.88994,-76.825535,125,128,253
32247,South Lakes Dr and Reston Pkwy,38.94335,-77.362304,137,113,250
32274,Beech Dr at Draper Dr Park,38.866659,-77.282077,106,142,248
31724,41st St & Alabama Ave SE / Fort Davis Rec,38.870353,-76.945283,138,109,247
32092,Castle Blvd & Castle Ln,39.085314,-76.940547,122,123,245
31329,White House,38.89550865931313,-77.03792452812195,115,124,239
32085,The Shoppes @ Burnt Mills,39.0313141,-77.0041217,108,124,232
31989,Eisenhower Ave & Warburton St,38.803328,-77.119496,110,121,231
32296,Metro Park Dr & Walker Ln ,38.76843,-77.156504,127,104,231
32277,Layton Hall Dr & University Dr,38.850932,-77.302732,112,118,230
32310,Huntington Metro North,38.79555014326477,-77.07516524458687,132,98,230
32248,Olde Crafts Dr and Cartwright Pl,38.938797,-77.354067,117,113,230
31718,Ridge Rd Community Center,38.87622744575148,-76.94098126958124,121,107,228
31819,Joliet St & MLK Ave SW/Bald Eagle Rec Ctr,38.81909,-77.01033,107,112,219
32018,Needwood Rd & Eagles Head Ct,39.123513,-77.15741,107,103,210
32209,North Shore & Cameron Crescent Dr/Crescent Apartments,38.970046,-77.338686,97,104,201
32434,Motiva Greenbelt,39.010335,-76.897747,103,93,196
32283,South St & University Dr,38.844249,-77.305336,96,99,195
32252,Ridge Heights and Owl Cove Ln,38.933923,-77.331653,85,107,192
32307,McNair Farms Dr & Thomas Jefferson Dr,38.94856286,-77.408737063,92,99,191
32314,Huntington Ave & Farrington Ave ,38.79506423015158,-77.07211837833732,95,95,190
33203,Howard Rd & Suitland Pkwy SE,38.865149,-77.001045,83,86,169
31807,Pleasant St & MLK Ave SE,38.863897,-76.990037,83,80,163
32088,Briggs Chaney Park & Ride,39.0778751,-76.9418666,77,80,157
32281,Fair Woods Pkwy & Fairfax Blvd,38.862804,-77.293922,66,91,157
32311,Dulles Technology Dr & Sunrise Valley Dr,38.95664964981969,-77.41378779401839,79,76,155
32089,New Hampshire & Lockwood,39.0391022,-76.9918237,88,65,153
32313,Huntington Ave & Metroview Pkwy,38.797362089,-77.075074315,75,71,146
32091,Stewart Ln & Old Columbia Pike,39.0456521,-76.9854381,85,60,145
32087,White Oak Rec Center,39.0461435,-76.9757228,63,57,120
32246,Golf Course Sq and Golf Course Dr,38.944013,-77.353552,70,48,118
32093,White Oak Transit Center,39.04104,-76.987125,62,50,112
32239,Becontree Ln & Goldenrain Ct,38.966848,-77.329282,54,52,106
31823,United Medical Center,38.835737,-76.983144,35,38,73
32090,Stewart & April,39.0449444,-76.9811552,40,26,66
32350,N Shore Dr & Washington Plaza/Lake Anne,38.969515,-77.342038,28,38,66
32244,Vantage Hill Rd & Wainwright Dr,38.9667,-77.348487,29,35,64
32351,Wiehle Reston Metro North,38.947971,-77.337685,33,30,63
21st & I St NW,21st & I St NW,38.9,-77.05,0,58,58
20th & O St NW / Dupont South,20th & O St NW / Dupont South,38.91,-77.04,0,58,58
37th & O St NW / Georgetown University,37th & O St NW / Georgetown University,38.91,-77.07,0,57,57
Woodley Park Metro / Calvert St & Connecticut Ave NW,Woodley Park Metro / Calvert St & Connecticut Ave NW,38.92,-77.05,0,44,44
14th & Irving St NW,14th & Irving St NW,38.93,-77.03,0,43,43
32227,Greensboro & Pinnacle Dr,38.92245,-77.23034,27,14,41
Grant Circle,Grant Circle,38.94,-77.02,0,39,39
Columbus Circle / Union Station,Columbus Circle / Union Station,38.9,-77.0,0,35,35
32217,Sunset Hills Rd & Discovery Square,38.95534,-77.357611,22,13,35
32241,Reston Pkwy & Bennington Woods Rd,38.973625,-77.351837,19,15,34
American University East Campus,American University East Campus,38.94,-77.09,0,30,30
32069,Columbus Ave & Gramercy Blvd,39.12333,-77.16486,17,13,30
Thomas Circle,Thomas Circle,38.91,-77.03,0,29,29
1st & M St NE,1st & M St NE,38.91,-77.01,0,29,29
11th & Park Rd NW,11th & Park Rd NW,38.93,-77.03,0,28,28
14th & Otis Pl NW,14th & Otis Pl NW,38.93,-77.03,0,28,28
7th & K St NW,7th & K St NW,38.9,-77.02,0,27,27
32256,North Village and Park Garden,38.983199,-77.341823,10,16,26
11th & M St NW,11th & M St NW,38.91,-77.03,0,24,24
18th & M St NW,18th & M St NW,38.91,-77.04,0,22,22
20th St & Columbia Rd NW,20th St & Columbia Rd NW,38.92,-77.05,0,22,22
New Jersey Ave & F St NW,New Jersey Ave & F St NW,38.9,-77.01,0,21,21
12th & L St NW,12th & L St NW,38.9,-77.03,0,21,21
Potomac & M St NW,Potomac & M St NW,38.91,-77.07,0,21,21
32233,Jones Branch Drive & Scotts Crossing Rd,38.928502,-77.215624,11,9,20
4th & M St SE,4th & M St SE,38.88,-77.0,0,20,20
1st & M St SE,1st & M St SE,38.88,-77.01,0,20,20
Clarendon Metro / Wilson Blvd & N Highland St,Clarendon Metro / Wilson Blvd & N Highland St,38.89,-77.1,0,19,19
32901,6035 Warehouse,38.96381,-77.010266,8,11,19
19th & I St NW,19th & I St NW,38.9,-77.04,0,18,18
Calvert St & Woodley Pl NW,Calvert St & Woodley Pl NW,38.92,-77.05,0,18,18
15th & K St NW,15th & K St NW,38.9,-77.03,0,17,17
Washington & Independence Ave SW/HHS,Washington & Independence Ave SW/HHS,38.89,-77.01,0,17,17
9th & N St NW ,9th & N St NW ,38.91,-77.02,0,16,16
17th & Corcoran St NW,17th & Corcoran St NW,38.91,-77.04,0,16,16
Maine Ave & 9th St SW,Maine Ave & 9th St SW,38.88,-77.03,0,16,16
10th & G St NW,10th & G St NW,38.9,-77.03,0,15,15
11th & Kenyon St NW,11th & Kenyon St NW,38.93,-77.03,0,15,15
5th & K St NW,5th & K St NW,38.9,-77.02,0,15,15
22nd & H St NW,22nd & H St NW,38.9,-77.05,0,15,15
23rd & E St NW ,23rd & E St NW ,38.9,-77.05,0,15,15
Maryland Ave & E St NE,Maryland Ave & E St NE,38.9,-76.99,0,14,14
20th & Q St NW,20th & Q St NW,38.91,-77.05,0,14,14
14th St & Rhode Island Ave NW,14th St & Rhode Island Ave NW,38.91,-77.03,0,14,14
17th St & Rhode Island Ave NW,17th St & Rhode Island Ave NW,38.91,-77.04,0,14,14
8th & H St NW,8th & H St NW,38.9,-77.02,0,14,14
Metro Center / 12th & G St NW,Metro Center / 12th & G St NW,38.9,-77.03,0,13,13
New Hampshire Ave & T St NW,New Hampshire Ave & T St NW,38.92,-77.04,0,13,13
1st & N St SE,1st & N St SE,38.88,-77.01,0,13,13
1st & K St NE,1st & K St NE,38.9,-77.01,0,13,13
17th & K St NW / Farragut Square,17th & K St NW / Farragut Square,38.9,-77.04,0,13,13
1st & Rhode Island Ave NW,1st & Rhode Island Ave NW,38.92,-77.01,0,13,13
11th & Girard St NW,11th & Girard St NW,38.93,-77.03,0,12,12
15th & L St NW,15th & L St NW,38.9,-77.03,0,12,12
7th & S St NW,7th & S St NW,38.91,-77.02,0,12,12
Wisconsin Ave & Newark St NW,Wisconsin Ave & Newark St NW,38.93,-77.07,0,11,11
8th & Eye St SE / Barracks Row,8th & Eye St SE / Barracks Row,38.88,-77.0,0,11,11
11th & C St SE,11th & C St SE,38.89,-76.99,0,11,11
18th & L St NW,18th & L St NW,38.9,-77.04,0,11,11
3rd & Elm St NW,3rd & Elm St NW,38.92,-77.02,0,11,11
14th & D St NW / John A Wilson Building,14th & D St NW / John A Wilson Building,38.89,-77.03,0,10,10
Wisconsin Ave & O St NW,Wisconsin Ave & O St NW,38.91,-77.06,0,10,10
21st St & Pennsylvania Ave NW,21st St & Pennsylvania Ave NW,38.9,-77.05,0,10,10
18th & R St NW,18th & R St NW,38.91,-77.04,0,10,10
Independence Ave & L'Enfant Plaza SW/DOE,Independence Ave & L'Enfant Plaza SW/DOE,38.89,-77.03,0,10,10
New York Ave & Hecht Ave NE,New York Ave & Hecht Ave NE,38.92,-76.98,0,10,10
4th & Florida Ave NE,4th & Florida Ave NE,38.91,-77.0,0,10,10
4th & East Capitol St NE,4th & East Capitol St NE,38.89,-77.0,0,9,9
Fort Totten Metro,Fort Totten Metro,38.95,-77.0,0,9,9
18th & New Hampshire Ave NW,18th & New Hampshire Ave NW,38.91,-77.04,0,9,9
Connecticut Ave & R St NW,Connecticut Ave & R St NW,38.91,-77.05,0,9,9
3rd & H St NE,3rd & H St NE,38.9,-77.0,0,9,9
3rd St & Riggs Rd NE,3rd St & Riggs Rd NE,38.96,-77.0,0,9,9
15th & M St NW,15th & M St NW,38.91,-77.03,0,9,9
13th St & New York Ave NW,13th St & New York Ave NW,38.9,-77.03,0,9,9
16th & K St NW/BLM Plaza,16th & K St NW/BLM Plaza,38.9,-77.04,0,9,9
Adams Mill & Columbia Rd NW,Adams Mill & Columbia Rd NW,38.92,-77.04,0,9,9
10th & K St NW,10th & K St NW,38.9,-77.03,0,9,9
10th & U St NW,10th & U St NW,38.92,-77.03,0,8,8
14th St & New York Ave NW,14th St & New York Ave NW,38.9,-77.03,0,8,8
15th & Euclid St NW,15th & Euclid St NW,38.92,-77.04,0,8,8
15th & East Capitol St NE,15th & East Capitol St NE,38.89,-76.98,0,8,8
3rd & H St NW,3rd & H St NW,38.9,-77.02,0,8,8
Park Rd & Holmead Pl NW,Park Rd & Holmead Pl NW,38.93,-77.03,0,8,8
4th & C St SW,4th & C St SW,38.89,-77.02,0,7,7
11th & O St NW,11th & O St NW,38.91,-77.03,0,7,7
14th & G St NW,14th & G St NW,38.9,-77.03,0,7,7
Rosedale Rec Center,Rosedale Rec Center,38.9,-76.98,0,7,7
New Jersey Ave & N St NW/Dunbar HS,New Jersey Ave & N St NW/Dunbar HS,38.91,-77.02,0,7,7
Lincoln Memorial,Lincoln Memorial,38.89,-77.05,0,7,7
22nd St & Constitution Ave NW,22nd St & Constitution Ave NW,38.89,-77.05,0,7,7
Wilson Blvd & Ft Myer Dr,Wilson Blvd & Ft Myer Dr,38.89,-77.07,0,7,7
Wilson Blvd & N Oak St,Wilson Blvd & N Oak St,38.9,-77.07,0,7,7
Potomac & Pennsylvania Ave SE,Potomac & Pennsylvania Ave SE,38.88,-76.99,0,7,7
Hardy Rec Center,Hardy Rec Center,38.91,-77.09,0,7,7
MBT & Bryant St NE,MBT & Bryant St NE,38.92,-77.0,0,7,7
7th & Monroe St NE,7th & Monroe St NE,38.93,-77.0,0,7,7
16th & R St NW,16th & R St NW,38.91,-77.04,0,7,7
9th & Ingraham St NW,9th & Ingraham St NW,38.95,-77.03,0,7,7
32249,Green Range Dr and Glade Dr,38.93714618600706,-77.36786842346191,2,4,6
34th & Water St NW,34th & Water St NW,38.9,-77.07,0,6,6
12th St & New York Ave NW,12th St & New York Ave NW,38.9,-77.03,0,6,6
Pentagon City Metro / 12th St & S Hayes St,Pentagon City Metro / 12th St & S Hayes St,38.86,-77.06,0,6,6
6th St & Indiana Ave NW,6th St & Indiana Ave NW,38.89,-77.02,0,6,6
Georgia Ave & Fairmont St NW,Georgia Ave & Fairmont St NW,38.92,-77.02,0,6,6
D St & Maryland Ave NE,D St & Maryland Ave NE,38.89,-77.0,0,6,6
36th & Calvert St NW / Glover Park,36th & Calvert St NW / Glover Park,38.92,-77.07,0,6,6
8th & East Capitol St NE,8th & East Capitol St NE,38.89,-77.0,0,5,5
Thomas Jefferson St NW & Water/K St NW,Thomas Jefferson St NW & Water/K St NW,38.9,-77.06,0,5,5
10th St & Constitution Ave NW,10th St & Constitution Ave NW,38.89,-77.03,0,5,5
20th St & Florida Ave NW,20th St & Florida Ave NW,38.92,-77.04,0,5,5
4th & E St SW,4th & E St SW,38.88,-77.02,0,5,5
14th & Q St NW,14th & Q St NW,38.91,-77.03,0,5,5
Smithsonian-National Mall / Jefferson Dr & 12th St SW,Smithsonian-National Mall / Jefferson Dr & 12th St SW,38.89,-77.03,0,5,5
15th St & N Scott St,15th St & N Scott St,38.89,-77.08,0,5,5
Georgia Ave & Morton St NW,Georgia Ave & Morton St NW,38.93,-77.02,0,5,5
23rd & M St NW,23rd & M St NW,38.91,-77.05,0,5,5
Ballston Metro / Stuart St & 9th St N,Ballston Metro / Stuart St & 9th St N,38.88,-77.11,0,5,5
Lamont & Mt Pleasant NW,Lamont & Mt Pleasant NW,38.93,-77.04,0,5,5
9th & G St NW,9th & G St NW,38.9,-77.02,0,5,5
4th & G St SW,4th & G St SW,38.88,-77.02,0,5,5
California St & Florida Ave NW,California St & Florida Ave NW,38.92,-77.04,0,5,5
Columbia & Ontario Rd NW,Columbia & Ontario Rd NW,38.92,-77.04,0,5,5
9th St & Pennsylvania Ave NW,9th St & Pennsylvania Ave NW,38.89,-77.02,0,4,4
Henry Bacon Dr & Lincoln Memorial Circle NW,Henry Bacon Dr & Lincoln Memorial Circle NW,38.89,-77.05,0,4,4
24th & N St NW,24th & N St NW,38.91,-77.05,0,4,4
8th & O St NW,8th & O St NW,38.91,-77.02,0,4,4
N Lynn St & Fairfax Dr,N Lynn St & Fairfax Dr,38.89,-77.07,0,4,4
Arlington National Cemetery,Arlington National Cemetery,38.88,-77.07,0,4,4
5th St & Massachusetts Ave NW,5th St & Massachusetts Ave NW,38.9,-77.02,0,4,4
9th & Upshur St NW,9th & Upshur St NW,38.94,-77.03,0,4,4
11th & V St NW,11th & V St NW,38.92,-77.03,0,4,4
18th & Monroe St NE,18th & Monroe St NE,38.93,-76.98,0,4,4
14th & V St NW,14th & V St NW,38.92,-77.03,0,4,4
15th St & New York Ave NW,15th St & New York Ave NW,38.9,-77.03,0,4,4
Virginia Square Metro / Monroe St & 9th St N,Virginia Square Metro / Monroe St & 9th St N,38.88,-77.1,0,4,4
17th & Upshur St NW,17th & Upshur St NW,38.94,-77.04,0,4,4
14th & D St SE,14th & D St SE,38.88,-76.99,0,4,4
Potomac Ave & 8th St SE,Potomac Ave & 8th St SE,38.88,-76.99,0,4,4
New Jersey Ave & H St SE,New Jersey Ave & H St SE,38.88,-77.01,0,4,4
WAU / Flower Ave & Division St,WAU / Flower Ave & Division St,38.99,-77.0,0,4,4
322840,Reston Cmty Ctr/Hunters Woods Plaza,38.936418545319846,-77.3609955168468,1,2,3
17th & K St NW,17th & K St NW,38.9,-77.04,0,3,3
14th & L St NW,14th & L St NW,38.9,-77.03,0,3,3
1st & I St SE,1st & I St SE,38.88,-77.01,0,3,3
Van Ness Metro / UDC,Van Ness Metro / UDC,38.94,-77.06,0,3,3
New Hampshire Ave & East-West Hwy,New Hampshire Ave & East-West Hwy,38.97,-77.0,0,3,3
13th & D St NE,13th & D St NE,38.89,-76.99,0,3,3
15th & P St NW,15th & P St NW,38.91,-77.03,0,3,3
12th & Newton St NE,12th & Newton St NE,38.93,-76.99,0,3,3
Columbia Rd & Georgia Ave NW,Columbia Rd & Georgia Ave NW,38.93,-77.02,0,3,3
4th & W St NE,4th & W St NE,38.92,-77.0,0,3,3
8th & H St NE,8th & H St NE,38.9,-76.99,0,3,3
Eads St & 12th St S,Eads St & 12th St S,38.86,-77.05,0,3,3
Kansas Ave & Sherman Cr NW,Kansas Ave & Sherman Cr NW,38.95,-77.02,0,3,3
Maryland Ave & 17th St NE,Maryland Ave & 17th St NE,38.9,-76.98,0,3,3
8th & D St NW,8th & D St NW,38.89,-77.02,0,3,3
New Mexico & Cathedral Ave NW,New Mexico & Cathedral Ave NW,38.93,-77.08,0,3,3
West Falls Church Metro,West Falls Church Metro,38.9,-77.19,0,3,3
Rhode Island Ave Metro,Rhode Island Ave Metro,38.92,-77.0,0,3,3
Rhode Island & Connecticut Ave NW,Rhode Island & Connecticut Ave NW,38.91,-77.04,0,3,3
Wisconsin Ave & K St NW,Wisconsin Ave & K St NW,38.9,-77.06,0,3,3
North Capitol St & G Pl NE,North Capitol St & G Pl NE,38.9,-77.01,0,3,3
Wilson Blvd & N Quincy St,Wilson Blvd & N Quincy St,38.88,-77.11,0,3,3
North Capitol & Douglas St NW / Reservoir Park Rec ,North Capitol & Douglas St NW / Reservoir Park Rec ,38.92,-77.01,0,3,3
North Capitol St & F St NW,North Capitol St & F St NW,38.9,-77.01,0,3,3
22nd & P ST NW,22nd & P ST NW,38.91,-77.05,0,3,3
Georgia & New Hampshire Ave NW,Georgia & New Hampshire Ave NW,38.94,-77.02,0,3,3
Friendship Blvd & Willard Ave,Friendship Blvd & Willard Ave,38.96,-77.09,0,3,3
Harvard St & Adams Mill Rd NW,Harvard St & Adams Mill Rd NW,38.93,-77.04,0,3,3
Georgia & Missouri Ave NW,Georgia & Missouri Ave NW,38.96,-77.03,0,3,3
River Rd & Landy Ln,River Rd & Landy Ln,38.96,-77.1,0,2,2
Wilson Blvd & N Quinn St,Wilson Blvd & N Quinn St,38.89,-77.08,0,2,2
West Hyattsville Metro,West Hyattsville Metro,38.96,-76.97,0,2,2
Prince St & Union St,Prince St & Union St,38.8,-77.04,0,2,2
1st & D St SE,1st & D St SE,38.88,-77.01,0,2,2
20th St & Virginia Ave NW,20th St & Virginia Ave NW,38.89,-77.05,0,2,2
4th & College St NW,4th & College St NW,38.92,-77.02,0,2,2
39th St & Tunlaw Rd NW,39th St & Tunlaw Rd NW,38.93,-77.08,0,2,2
21st & E St NW,21st & E St NW,38.9,-77.05,0,2,2
3rd & N St NE,3rd & N St NE,38.91,-77.0,0,2,2
14th & Harvard St NW,14th & Harvard St NW,38.93,-77.03,0,2,2
16th & Irving St NW,16th & Irving St NW,38.93,-77.04,0,2,2
10th & H St NE,10th & H St NE,38.9,-76.99,0,2,2
10th & E St NW,10th & E St NW,38.9,-77.03,0,2,2
48th Pl & MacArthur Blvd NW,48th Pl & MacArthur Blvd NW,38.92,-77.1,0,2,2
N Pitt St & Montgomery St,N Pitt St & Montgomery St,38.81,-77.04,0,2,2
Columbia Pike & S Highland St,Columbia Pike & S Highland St,38.86,-77.09,0,2,2
East Falls Church Metro / Sycamore St & 19th St N,East Falls Church Metro / Sycamore St & 19th St N,38.89,-77.16,0,2,2
2nd & G St NE,2nd & G St NE,38.9,-77.0,0,2,2
Columbia Pike & S George Mason Dr,Columbia Pike & S George Mason Dr,38.86,-77.1,0,2,2
New Hampshire Ave & Ward Pl NW,New Hampshire Ave & Ward Pl NW,38.91,-77.05,0,2,2
New Jersey Ave & R St NW,New Jersey Ave & R St NW,38.91,-77.02,0,2,2
Mt Vernon Trail & S. Washington St.,Mt Vernon Trail & S. Washington St.,38.79,-77.05,0,2,2
Montgomery Ave & Waverly St ,Montgomery Ave & Waverly St ,38.98,-77.09,0,2,2
Kenilworth Terr & Hayes St. NE,Kenilworth Terr & Hayes St. NE,38.9,-76.95,0,2,2
King St & Patrick St,King St & Patrick St,38.81,-77.05,0,2,2
Market Square / King St & Royal St,Market Square / King St & Royal St,38.8,-77.04,0,2,2
2nd St & Massachusetts Ave NE,2nd St & Massachusetts Ave NE,38.89,-77.0,0,2,2
Fenton St & New York Ave ,Fenton St & New York Ave ,38.99,-77.02,0,2,2
Franklin St & S Washington St,Franklin St & S Washington St,38.8,-77.05,0,2,2
Half & I St SW ,Half & I St SW ,38.88,-77.01,0,2,2
18th & C St NW,18th & C St NW,38.89,-77.04,0,2,2
12th St & Pennsylvania Ave SE,12th St & Pennsylvania Ave SE,38.88,-76.99,0,2,2
Silver Spring Metro / Colesville Rd & Wayne Ave,Silver Spring Metro / Colesville Rd & Wayne Ave,39.0,-77.03,0,2,2
18th St & Pennsylvania Ave NW,18th St & Pennsylvania Ave NW,38.9,-77.04,0,2,2
19th & E Street NW,19th & E Street NW,38.9,-77.04,0,2,2
Eisenhower Ave & Mill Race Ln,Eisenhower Ave & Mill Race Ln,38.8,-77.07,0,2,2
Convention Center / 7th & M St NW,Convention Center / 7th & M St NW,38.91,-77.02,0,2,2
Florida Ave & R St NW,Florida Ave & R St NW,38.91,-77.01,0,2,2
John McCormack Rd NE,John McCormack Rd NE,38.94,-77.0,0,2,2
Wisconsin Ave & Rodman St NW,Wisconsin Ave & Rodman St NW,38.94,-77.08,0,1,1
Takoma Metro,Takoma Metro,38.98,-77.02,0,1,1
10th St & Spring Rd NW,10th St & Spring Rd NW,38.94,-77.03,0,1,1
3rd St & Pennsylvania Ave SE,3rd St & Pennsylvania Ave SE,38.89,-77.0,0,1,1
20th & L St NW,20th & L St NW,38.9,-77.04,0,1,1
20th & E St NW,20th & E St NW,38.9,-77.05,0,1,1
18th St & Rhode Island Ave NE,18th St & Rhode Island Ave NE,38.93,-76.98,0,1,1
14th & Belmont St NW,14th & Belmont St NW,38.92,-77.03,0,1,1
14th & Quincy St NW,14th & Quincy St NW,38.94,-77.03,0,1,1
1st & Q St SW,1st & Q St SW,38.87,-77.01,0,1,1
1st & S Capitol St SE / Oxon Run Trail,1st & S Capitol St SE / Oxon Run Trail,38.82,-77.01,0,1,1
13th & O St NW/ Logan Circle,13th & O St NW/ Logan Circle,38.91,-77.03,0,1,1
13th & U St NW,13th & U St NW,38.92,-77.03,0,1,1
St Asaph & Pendleton St,St Asaph & Pendleton St,38.81,-77.04,0,1,1
Roosevelt Center & Crescent Rd,Roosevelt Center & Crescent Rd,39.0,-76.88,0,1,1
S Four Mile Run Dr & Shirlington Rd,S Four Mile Run Dr & Shirlington Rd,38.84,-77.09,0,1,1
Sligo Ave & Carroll Ln,Sligo Ave & Carroll Ln,38.99,-77.02,0,1,1
17th & G St NW,17th & G St NW,38.9,-77.04,0,1,1
17th St & Massachusetts Ave NW,17th St & Massachusetts Ave NW,38.91,-77.04,0,1,1
Wisconsin Ave & Upton St NW,Wisconsin Ave & Upton St NW,38.94,-77.08,0,1,1
4th & O St SW,4th & O St SW,38.87,-77.02,0,1,1
5th & Kennedy St NW,5th & Kennedy St NW,38.96,-77.02,0,1,1
5th & Morse St NE,5th & Morse St NE,38.91,-77.0,0,1,1
25th St & Pennsylvania Ave NW,25th St & Pennsylvania Ave NW,38.9,-77.05,0,1,1
Constitution Ave & 2nd St NW/DOL,Constitution Ave & 2nd St NW/DOL,38.89,-77.01,0,1,1
Deanwood Rec Center,Deanwood Rec Center,38.91,-76.93,0,1,1
Duke St & Strand (Robinson Terminal),Duke St & Strand (Robinson Terminal),38.8,-77.04,0,1,1
Braddock Rd Metro North,Braddock Rd Metro North,38.81,-77.05,0,1,1
25th & S St SE ,25th & S St SE ,38.87,-76.97,0,1,1
2nd & V St SW / James Creek Marina,2nd & V St SW / James Creek Marina,38.86,-77.01,0,1,1
21st St & G st NW,21st St & G st NW,38.9,-77.05,0,1,1
8th & K St NE,8th & K St NE,38.9,-77.0,0,1,1
Anacostia Library,Anacostia Library,38.87,-76.98,0,1,1
Army Navy Dr & S Eads St,Army Navy Dr & S Eads St,38.86,-77.05,0,1,1
Benning Branch Library,Benning Branch Library,38.89,-76.95,0,1,1
Jones Branch Drive & Scotts Crossing Rd,Jones Branch Drive & Scotts Crossing Rd,38.93,-77.22,0,1,1
Fairfax Dr & N Taylor St,Fairfax Dr & N Taylor St,38.88,-77.11,0,1,1
Fort Lincoln Dr & 33rd Pl NE,Fort Lincoln Dr & 33rd Pl NE,38.92,-76.96,0,1,1
Connecticut Ave & McKinley St NW,Connecticut Ave & McKinley St NW,38.96,-77.08,0,1,1
Connecticut Ave & Ordway St NW / Cleveland Park Metro ,Connecticut Ave & Ordway St NW / Cleveland Park Metro ,38.94,-77.06,0,1,1
Merrifield Cinema & Merrifield Town Center,Merrifield Cinema & Merrifield Town Center,38.87,-77.23,0,1,1
Norfolk Ave & Fairmont St,Norfolk Ave & Fairmont St,38.99,-77.1,0,1,1
N Pershing Dr & N Quebec St,N Pershing Dr & N Quebec St,38.87,-77.1,0,1,1
King St Metro South,King St Metro South,38.81,-77.06,0,1,1
King St & N Pitt St,King St & N Pitt St,38.8,-77.04,0,1,1
King Greenleaf Rec Center,King Greenleaf Rec Center,38.88,-77.01,0,1,1
Kennedy Center,Kennedy Center,38.9,-77.06,0,1,1
Kenmore Ave & Seminary Rd,Kenmore Ave & Seminary Rd,38.83,-77.11,0,1,1
Langston Blvd & N Adams St,Langston Blvd & N Adams St,38.9,-77.09,0,1,1
Langston Blvd & N Monroe St,Langston Blvd & N Monroe St,38.9,-77.1,0,1,1
McLean Metro,McLean Metro,38.92,-77.21,0,1,1
North Capitol & R St NE,North Capitol & R St NE,38.91,-77.01,0,1,1
North Capitol & K St NE,North Capitol & K St NE,38.9,-77.01,0,1,1
Wilson Blvd & N Troy St,Wilson Blvd & N Troy St,38.89,-77.08,0,1,1
Wilson Blvd & N Uhle St,Wilson Blvd & N Uhle St,38.89,-77.08,0,1,1
W Broad St & Little Falls St,W Broad St & Little Falls St,38.88,-77.17,0,1,1
Northwestern High School,Northwestern High School,38.98,-76.95,0,1,1
W&OD Trail & Explorer St/Reston Bus Station,W&OD Trail & Explorer St/Reston Bus Station,38.96,-77.36,0,1,1
Washington Blvd & N Frederick St,Washington Blvd & N Frederick St,38.88,-77.13,0,1,1
Wilson Blvd & N Vermont St,Wilson Blvd & N Vermont St,38.88,-77.11,0,1,1
Potomac Ave & 35th St S,Potomac Ave & 35th St S,38.84,-77.05,0,1,1
Oklahoma Ave & Benning Rd NE,Oklahoma Ave & Benning Rd NE,38.9,-76.97,0,1,1
Pennsylvania & Minnesota Ave SE,Pennsylvania & Minnesota Ave SE,38.87,-76.97,0,1,1
Reservoir Rd & 38th St NW,Reservoir Rd & 38th St NW,38.91,-77.07,0,1,1
Radford & Osage St,Radford & Osage St,38.83,-77.09,0,1,1
Rhode Island & Montana Ave NE,Rhode Island & Montana Ave NE,38.92,-76.99,0,1,1
Rhode Island Avenue /Charles Armentrout Drive - Melrose Skate Park ,Rhode Island Avenue /Charles Armentrout Drive - Melrose Skate Park ,38.95,-76.95,0,1,1
